CODGEO_2025,annee,indicateur,unite_de_compte,nombre,taux_pour_mille,est_diffuse,insee_pop,insee_pop_millesime,insee_log,insee_log_millesime,complement_info_nombre,complement_info_taux
75101,2020,Violences physiques intrafamiliales,Victime,40.0,2.4953213,diff,16030,2020,13880,2020,,
75101,2020,Violences physiques hors cadre familial,Victime,196.0,12.2270742,diff,16030,2020,13880,2020,,
75101,2020,Violences sexuelles,Victime,118.0,7.3611978,diff,16030,2020,13880,2020,,
75101,2020,Vols avec armes,Infraction,14.0,0.8733624,diff,16030,2020,13880,2020,,
75101,2020,Vols violents sans arme,Infraction,501.0,31.2538989,diff,16030,2020,13880,2020,,
75101,2020,Vols sans violence contre des personnes,Victime entendue,5858.0,365.4398004,diff,16030,2020,13880,2020,,
75101,2020,Cambriolages de logement,Infraction,158.0,11.3834772,diff,16030,2020,13880,2020,,
75101,2020,Vols de véhicule,Véhicule,97.0,6.0511541,diff,16030,2020,13880,2020,,
75101,2020,Vols dans les véhicules,Véhicule,424.0,26.4504055,diff,16030,2020,13880,2020,,
75101,2020,Vols d'accessoires sur véhicules,Véhicule,38.0,2.3705552,diff,16030,2020,13880,2020,,
75101,2020,Destructions et dégradations volontaires,Infraction,347.0,21.646912,diff,16030,2020,13880,2020,,
75101,2020,Usage de stupéfiants,Mis en cause,224.0,13.9737991,diff,16030,2020,13880,2020,,
75101,2020,Usage de stupéfiants (AFD),Mis en cause,81.0,5.0530256,diff,16030,2020,13880,2020,,
75101,2020,Trafic de stupéfiants,Mis en cause,68.0,4.2420462,diff,16030,2020,13880,2020,,
75101,2020,Escroqueries et fraudes aux moyens de paiement,Victime,246.0,15.3462258,diff,16030,2020,13880,2020,,
75102,2020,Violences physiques intrafamiliales,Victime,59.0,2.7922385,diff,21130,2020,17351,2020,,
75102,2020,Violences physiques hors cadre familial,Victime,127.0,6.0104117,diff,21130,2020,17351,2020,,
75102,2020,Violences sexuelles,Victime,50.0,2.3663038,diff,21130,2020,17351,2020,,
75102,2020,Vols avec armes,Infraction,,,ndiff,21130,2020,17351,2020,"8,0000000","0,2031574"
75102,2020,Vols violents sans arme,Infraction,262.0,12.3994321,diff,21130,2020,17351,2020,,
75102,2020,Vols sans violence contre des personnes,Victime entendue,2693.0,127.4491245,diff,21130,2020,17351,2020,,
75102,2020,Cambriolages de logement,Infraction,224.0,12.9096265,diff,21130,2020,17351,2020,,
75102,2020,Vols de véhicule,Véhicule,133.0,6.2943682,diff,21130,2020,17351,2020,,
75102,2020,Vols dans les véhicules,Véhicule,478.0,22.6218646,diff,21130,2020,17351,2020,,
75102,2020,Vols d'accessoires sur véhicules,Véhicule,46.0,2.1769995,diff,21130,2020,17351,2020,,
75102,2020,Destructions et dégradations volontaires,Infraction,377.0,17.8419309,diff,21130,2020,17351,2020,,
75102,2020,Usage de stupéfiants,Mis en cause,176.0,8.3293895,diff,21130,2020,17351,2020,,
75102,2020,Usage de stupéfiants (AFD),Mis en cause,21.0,0.9938476,diff,21130,2020,17351,2020,,
75102,2020,Trafic de stupéfiants,Mis en cause,113.0,5.3478467,diff,21130,2020,17351,2020,,
75102,2020,Escroqueries et fraudes aux moyens de paiement,Victime,348.0,16.4694747,diff,21130,2020,17351,2020,,
75103,2020,Violences physiques intrafamiliales,Victime,46.0,1.377163,diff,33402,2020,26259,2020,,
75103,2020,Violences physiques hors cadre familial,Victime,154.0,4.6105024,diff,33402,2020,26259,2020,,
75103,2020,Violences sexuelles,Victime,58.0,1.736423,diff,33402,2020,26259,2020,,
75103,2020,Vols avec armes,Infraction,16.0,0.4790132,diff,33402,2020,26259,2020,,
75103,2020,Vols violents sans arme,Infraction,465.0,13.9213221,diff,33402,2020,26259,2020,,
75103,2020,Vols sans violence contre des personnes,Victime entendue,2556.0,76.5223639,diff,33402,2020,26259,2020,,
75103,2020,Cambriolages de logement,Infraction,289.0,11.0055997,diff,33402,2020,26259,2020,,
75103,2020,Vols de véhicule,Véhicule,163.0,4.8799473,diff,33402,2020,26259,2020,,
75103,2020,Vols dans les véhicules,Véhicule,422.0,12.633974,diff,33402,2020,26259,2020,,
75103,2020,Vols d'accessoires sur véhicules,Véhicule,32.0,0.9580265,diff,33402,2020,26259,2020,,
75103,2020,Destructions et dégradations volontaires,Infraction,494.0,14.7895336,diff,33402,2020,26259,2020,,
75103,2020,Usage de stupéfiants,Mis en cause,77.0,2.3052512,diff,33402,2020,26259,2020,,
75103,2020,Usage de stupéfiants (AFD),Mis en cause,14.0,0.4191366,diff,33402,2020,26259,2020,,
75103,2020,Trafic de stupéfiants,Mis en cause,21.0,0.6287049,diff,33402,2020,26259,2020,,
75103,2020,Escroqueries et fraudes aux moyens de paiement,Victime,349.0,10.4484761,diff,33402,2020,26259,2020,,
75104,2020,Violences physiques intrafamiliales,Victime,64.0,2.2020369,diff,29064,2020,22942,2020,,
75104,2020,Violences physiques hors cadre familial,Victime,209.0,7.1910267,diff,29064,2020,22942,2020,,
75104,2020,Violences sexuelles,Victime,62.0,2.1332232,diff,29064,2020,22942,2020,,
75104,2020,Vols avec armes,Infraction,14.0,0.4816956,diff,29064,2020,22942,2020,,
75104,2020,Vols violents sans arme,Infraction,460.0,15.8271401,diff,29064,2020,22942,2020,,
75104,2020,Vols sans violence contre des personnes,Victime entendue,3950.0,135.9069639,diff,29064,2020,22942,2020,,
75104,2020,Cambriolages de logement,Infraction,237.0,10.330513,diff,29064,2020,22942,2020,,
75104,2020,Vols de véhicule,Véhicule,105.0,3.6127168,diff,29064,2020,22942,2020,,
75104,2020,Vols dans les véhicules,Véhicule,287.0,9.8747592,diff,29064,2020,22942,2020,,
75104,2020,Vols d'accessoires sur véhicules,Véhicule,30.0,1.0322048,diff,29064,2020,22942,2020,,
75104,2020,Destructions et dégradations volontaires,Infraction,447.0,15.3798514,diff,29064,2020,22942,2020,,
75104,2020,Usage de stupéfiants,Mis en cause,138.0,4.748142,diff,29064,2020,22942,2020,,
75104,2020,Usage de stupéfiants (AFD),Mis en cause,39.0,1.3418662,diff,29064,2020,22942,2020,,
75104,2020,Trafic de stupéfiants,Mis en cause,36.0,1.2386457,diff,29064,2020,22942,2020,,
75104,2020,Escroqueries et fraudes aux moyens de paiement,Victime,303.0,10.4252684,diff,29064,2020,22942,2020,,
75105,2020,Violences physiques intrafamiliales,Victime,68.0,1.1850819,diff,57380,2020,39760,2020,,
75105,2020,Violences physiques hors cadre familial,Victime,184.0,3.2066922,diff,57380,2020,39760,2020,,
75105,2020,Violences sexuelles,Victime,88.0,1.5336354,diff,57380,2020,39760,2020,,
75105,2020,Vols avec armes,Infraction,,,ndiff,57380,2020,39760,2020,"8,0000000","0,2031574"
75105,2020,Vols violents sans arme,Infraction,272.0,4.7403276,diff,57380,2020,39760,2020,,
75105,2020,Vols sans violence contre des personnes,Victime entendue,3570.0,62.2168003,diff,57380,2020,39760,2020,,
75105,2020,Cambriolages de logement,Infraction,327.0,8.2244406,diff,57380,2020,39760,2020,,
75105,2020,Vols de véhicule,Véhicule,139.0,2.4224468,diff,57380,2020,39760,2020,,
75105,2020,Vols dans les véhicules,Véhicule,366.0,6.3785291,diff,57380,2020,39760,2020,,
75105,2020,Vols d'accessoires sur véhicules,Véhicule,31.0,0.5402579,diff,57380,2020,39760,2020,,
75105,2020,Destructions et dégradations volontaires,Infraction,518.0,9.0275357,diff,57380,2020,39760,2020,,
75105,2020,Usage de stupéfiants,Mis en cause,87.0,1.5162077,diff,57380,2020,39760,2020,,
75105,2020,Usage de stupéfiants (AFD),Mis en cause,9.0,0.1568491,diff,57380,2020,39760,2020,,
75105,2020,Trafic de stupéfiants,Mis en cause,78.0,1.3593587,diff,57380,2020,39760,2020,,
75105,2020,Escroqueries et fraudes aux moyens de paiement,Victime,628.0,10.94458,diff,57380,2020,39760,2020,,
75106,2020,Violences physiques intrafamiliales,Victime,58.0,1.4637224,diff,39625,2020,31560,2020,,
75106,2020,Violences physiques hors cadre familial,Victime,113.0,2.851735,diff,39625,2020,31560,2020,,
75106,2020,Violences sexuelles,Victime,65.0,1.6403785,diff,39625,2020,31560,2020,,
75106,2020,Vols avec armes,Infraction,,,ndiff,39625,2020,31560,2020,"8,0000000","0,2031574"
75106,2020,Vols violents sans arme,Infraction,225.0,5.6782334,diff,39625,2020,31560,2020,,
75106,2020,Vols sans violence contre des personnes,Victime entendue,3231.0,81.5394322,diff,39625,2020,31560,2020,,
75106,2020,Cambriolages de logement,Infraction,269.0,8.5235046,diff,39625,2020,31560,2020,,
75106,2020,Vols de véhicule,Véhicule,114.0,2.8769716,diff,39625,2020,31560,2020,,
75106,2020,Vols dans les véhicules,Véhicule,365.0,9.2113565,diff,39625,2020,31560,2020,,
75106,2020,Vols d'accessoires sur véhicules,Véhicule,20.0,0.5047319,diff,39625,2020,31560,2020,,
75106,2020,Destructions et dégradations volontaires,Infraction,395.0,9.9684543,diff,39625,2020,31560,2020,,
75106,2020,Usage de stupéfiants,Mis en cause,113.0,2.851735,diff,39625,2020,31560,2020,,
75106,2020,Usage de stupéfiants (AFD),Mis en cause,9.0,0.2271293,diff,39625,2020,31560,2020,,
75106,2020,Trafic de stupéfiants,Mis en cause,134.0,3.3817035,diff,39625,2020,31560,2020,,
75106,2020,Escroqueries et fraudes aux moyens de paiement,Victime,564.0,14.2334385,diff,39625,2020,31560,2020,,
75107,2020,Violences physiques intrafamiliales,Victime,72.0,1.4839242,diff,48520,2020,39508,2020,,
75107,2020,Violences physiques hors cadre familial,Victime,264.0,5.4410552,diff,48520,2020,39508,2020,,
75107,2020,Violences sexuelles,Victime,74.0,1.5251443,diff,48520,2020,39508,2020,,
75107,2020,Vols avec armes,Infraction,20.0,0.4122012,diff,48520,2020,39508,2020,,
75107,2020,Vols violents sans arme,Infraction,333.0,6.8631492,diff,48520,2020,39508,2020,,
75107,2020,Vols sans violence contre des personnes,Victime entendue,3001.0,61.8507832,diff,48520,2020,39508,2020,,
75107,2020,Cambriolages de logement,Infraction,288.0,7.2895918,diff,48520,2020,39508,2020,,
75107,2020,Vols de véhicule,Véhicule,157.0,3.2357791,diff,48520,2020,39508,2020,,
75107,2020,Vols dans les véhicules,Véhicule,408.0,8.4089035,diff,48520,2020,39508,2020,,
75107,2020,Vols d'accessoires sur véhicules,Véhicule,46.0,0.9480627,diff,48520,2020,39508,2020,,
75107,2020,Destructions et dégradations volontaires,Infraction,496.0,10.2225886,diff,48520,2020,39508,2020,,
75107,2020,Usage de stupéfiants,Mis en cause,81.0,1.6694147,diff,48520,2020,39508,2020,,
75107,2020,Usage de stupéfiants (AFD),Mis en cause,20.0,0.4122012,diff,48520,2020,39508,2020,,
75107,2020,Trafic de stupéfiants,Mis en cause,30.0,0.6183017,diff,48520,2020,39508,2020,,
75107,2020,Escroqueries et fraudes aux moyens de paiement,Victime,621.0,12.7988458,diff,48520,2020,39508,2020,,
75108,2020,Violences physiques intrafamiliales,Victime,77.0,2.1610395,diff,35631,2020,27385,2020,,
75108,2020,Violences physiques hors cadre familial,Victime,294.0,8.2512419,diff,35631,2020,27385,2020,,
75108,2020,Violences sexuelles,Victime,126.0,3.5362465,diff,35631,2020,27385,2020,,
75108,2020,Vols avec armes,Infraction,14.0,0.3929163,diff,35631,2020,27385,2020,,
75108,2020,Vols violents sans arme,Infraction,650.0,18.2425416,diff,35631,2020,27385,2020,,
75108,2020,Vols sans violence contre des personnes,Victime entendue,6137.0,172.2376582,diff,35631,2020,27385,2020,,
75108,2020,Cambriolages de logement,Infraction,224.0,8.1797966,diff,35631,2020,27385,2020,,
75108,2020,Vols de véhicule,Véhicule,298.0,8.3635037,diff,35631,2020,27385,2020,,
75108,2020,Vols dans les véhicules,Véhicule,1023.0,28.7109539,diff,35631,2020,27385,2020,,
75108,2020,Vols d'accessoires sur véhicules,Véhicule,67.0,1.8803851,diff,35631,2020,27385,2020,,
75108,2020,Destructions et dégradations volontaires,Infraction,1046.0,29.3564593,diff,35631,2020,27385,2020,,
75108,2020,Usage de stupéfiants,Mis en cause,417.0,11.7032921,diff,35631,2020,27385,2020,,
75108,2020,Usage de stupéfiants (AFD),Mis en cause,83.0,2.3294322,diff,35631,2020,27385,2020,,
75108,2020,Trafic de stupéfiants,Mis en cause,52.0,1.4594033,diff,35631,2020,27385,2020,,
75108,2020,Escroqueries et fraudes aux moyens de paiement,Victime,1029.0,28.8793466,diff,35631,2020,27385,2020,,
75109,2020,Violences physiques intrafamiliales,Victime,77.0,1.27975,diff,60168,2020,40793,2020,,
75109,2020,Violences physiques hors cadre familial,Victime,247.0,4.1051722,diff,60168,2020,40793,2020,,
75109,2020,Violences sexuelles,Victime,102.0,1.6952533,diff,60168,2020,40793,2020,,
75109,2020,Vols avec armes,Infraction,21.0,0.3490227,diff,60168,2020,40793,2020,,
75109,2020,Vols violents sans arme,Infraction,694.0,11.5343704,diff,60168,2020,40793,2020,,
75109,2020,Vols sans violence contre des personnes,Victime entendue,6038.0,100.3523468,diff,60168,2020,40793,2020,,
75109,2020,Cambriolages de logement,Infraction,293.0,7.1825948,diff,60168,2020,40793,2020,,
75109,2020,Vols de véhicule,Véhicule,217.0,3.6065683,diff,60168,2020,40793,2020,,
75109,2020,Vols dans les véhicules,Véhicule,995.0,16.5370297,diff,60168,2020,40793,2020,,
75109,2020,Vols d'accessoires sur véhicules,Véhicule,75.0,1.2465098,diff,60168,2020,40793,2020,,
75109,2020,Destructions et dégradations volontaires,Infraction,851.0,14.1437309,diff,60168,2020,40793,2020,,
75109,2020,Usage de stupéfiants,Mis en cause,203.0,3.3738865,diff,60168,2020,40793,2020,,
75109,2020,Usage de stupéfiants (AFD),Mis en cause,24.0,0.3988831,diff,60168,2020,40793,2020,,
75109,2020,Trafic de stupéfiants,Mis en cause,96.0,1.5955325,diff,60168,2020,40793,2020,,
75109,2020,Escroqueries et fraudes aux moyens de paiement,Victime,953.0,15.8389842,diff,60168,2020,40793,2020,,
75110,2020,Violences physiques intrafamiliales,Victime,170.0,2.0369283,diff,83459,2020,59778,2020,,
75110,2020,Violences physiques hors cadre familial,Victime,537.0,6.4342971,diff,83459,2020,59778,2020,,
75110,2020,Violences sexuelles,Victime,220.0,2.6360249,diff,83459,2020,59778,2020,,
75110,2020,Vols avec armes,Infraction,64.0,0.7668436,diff,83459,2020,59778,2020,,
75110,2020,Vols violents sans arme,Infraction,1390.0,16.6548844,diff,83459,2020,59778,2020,,
75110,2020,Vols sans violence contre des personnes,Victime entendue,8011.0,95.9872512,diff,83459,2020,59778,2020,,
75110,2020,Cambriolages de logement,Infraction,435.0,7.2769606,diff,83459,2020,59778,2020,,
75110,2020,Vols de véhicule,Véhicule,341.0,4.0858386,diff,83459,2020,59778,2020,,
75110,2020,Vols dans les véhicules,Véhicule,1154.0,13.8271487,diff,83459,2020,59778,2020,,
75110,2020,Vols d'accessoires sur véhicules,Véhicule,92.0,1.1023377,diff,83459,2020,59778,2020,,
75110,2020,Destructions et dégradations volontaires,Infraction,1302.0,15.6004745,diff,83459,2020,59778,2020,,
75110,2020,Usage de stupéfiants,Mis en cause,693.0,8.3034784,diff,83459,2020,59778,2020,,
75110,2020,Usage de stupéfiants (AFD),Mis en cause,103.0,1.2341389,diff,83459,2020,59778,2020,,
75110,2020,Trafic de stupéfiants,Mis en cause,378.0,4.52917,diff,83459,2020,59778,2020,,
75110,2020,Escroqueries et fraudes aux moyens de paiement,Victime,867.0,10.3883344,diff,83459,2020,59778,2020,,
75111,2020,Violences physiques intrafamiliales,Victime,223.0,1.5454772,diff,144292,2020,101167,2020,,
75111,2020,Violences physiques hors cadre familial,Victime,475.0,3.2919358,diff,144292,2020,101167,2020,,
75111,2020,Violences sexuelles,Victime,191.0,1.3237047,diff,144292,2020,101167,2020,,
75111,2020,Vols avec armes,Infraction,22.0,0.1524686,diff,144292,2020,101167,2020,,
75111,2020,Vols violents sans arme,Infraction,922.0,6.3898206,diff,144292,2020,101167,2020,,
75111,2020,Vols sans violence contre des personnes,Victime entendue,6342.0,43.9525407,diff,144292,2020,101167,2020,,
75111,2020,Cambriolages de logement,Infraction,542.0,5.3574944,diff,144292,2020,101167,2020,,
75111,2020,Vols de véhicule,Véhicule,529.0,3.6661769,diff,144292,2020,101167,2020,,
75111,2020,Vols dans les véhicules,Véhicule,777.0,5.3849139,diff,144292,2020,101167,2020,,
75111,2020,Vols d'accessoires sur véhicules,Véhicule,144.0,0.9979763,diff,144292,2020,101167,2020,,
75111,2020,Destructions et dégradations volontaires,Infraction,1774.0,12.2945139,diff,144292,2020,101167,2020,,
75111,2020,Usage de stupéfiants,Mis en cause,367.0,2.5434536,diff,144292,2020,101167,2020,,
75111,2020,Usage de stupéfiants (AFD),Mis en cause,57.0,0.3950323,diff,144292,2020,101167,2020,,
75111,2020,Trafic de stupéfiants,Mis en cause,259.0,1.7949713,diff,144292,2020,101167,2020,,
75111,2020,Escroqueries et fraudes aux moyens de paiement,Victime,1986.0,13.7637568,diff,144292,2020,101167,2020,,
75112,2020,Violences physiques intrafamiliales,Victime,243.0,1.7318671,diff,140311,2020,87660,2020,,
75112,2020,Violences physiques hors cadre familial,Victime,777.0,5.5376984,diff,140311,2020,87660,2020,,
75112,2020,Violences sexuelles,Victime,243.0,1.7318671,diff,140311,2020,87660,2020,,
75112,2020,Vols avec armes,Infraction,29.0,0.2066837,diff,140311,2020,87660,2020,,
75112,2020,Vols violents sans arme,Infraction,953.0,6.7920548,diff,140311,2020,87660,2020,,
75112,2020,Vols sans violence contre des personnes,Victime entendue,7661.0,54.6001383,diff,140311,2020,87660,2020,,
75112,2020,Cambriolages de logement,Infraction,480.0,5.4756982,diff,140311,2020,87660,2020,,
75112,2020,Vols de véhicule,Véhicule,552.0,3.9341178,diff,140311,2020,87660,2020,,
75112,2020,Vols dans les véhicules,Véhicule,910.0,6.4855927,diff,140311,2020,87660,2020,,
75112,2020,Vols d'accessoires sur véhicules,Véhicule,200.0,1.425405,diff,140311,2020,87660,2020,,
75112,2020,Destructions et dégradations volontaires,Infraction,1600.0,11.4032399,diff,140311,2020,87660,2020,,
75112,2020,Usage de stupéfiants,Mis en cause,469.0,3.3425747,diff,140311,2020,87660,2020,,
75112,2020,Usage de stupéfiants (AFD),Mis en cause,90.0,0.6414322,diff,140311,2020,87660,2020,,
75112,2020,Trafic de stupéfiants,Mis en cause,154.0,1.0975618,diff,140311,2020,87660,2020,,
75112,2020,Escroqueries et fraudes aux moyens de paiement,Victime,1070.0,7.6259167,diff,140311,2020,87660,2020,,
75113,2020,Violences physiques intrafamiliales,Victime,311.0,1.7488318,diff,177833,2020,106833,2020,,
75113,2020,Violences physiques hors cadre familial,Victime,643.0,3.6157519,diff,177833,2020,106833,2020,,
75113,2020,Violences sexuelles,Victime,273.0,1.5351481,diff,177833,2020,106833,2020,,
75113,2020,Vols avec armes,Infraction,28.0,0.1574511,diff,177833,2020,106833,2020,,
75113,2020,Vols violents sans arme,Infraction,846.0,4.7572723,diff,177833,2020,106833,2020,,
75113,2020,Vols sans violence contre des personnes,Victime entendue,7257.0,40.807949,diff,177833,2020,106833,2020,,
75113,2020,Cambriolages de logement,Infraction,518.0,4.848673,diff,177833,2020,106833,2020,,
75113,2020,Vols de véhicule,Véhicule,478.0,2.6879151,diff,177833,2020,106833,2020,,
75113,2020,Vols dans les véhicules,Véhicule,1151.0,6.4723645,diff,177833,2020,106833,2020,,
75113,2020,Vols d'accessoires sur véhicules,Véhicule,133.0,0.7478927,diff,177833,2020,106833,2020,,
75113,2020,Destructions et dégradations volontaires,Infraction,1353.0,7.6082617,diff,177833,2020,106833,2020,,
75113,2020,Usage de stupéfiants,Mis en cause,295.0,1.6588597,diff,177833,2020,106833,2020,,
75113,2020,Usage de stupéfiants (AFD),Mis en cause,56.0,0.3149022,diff,177833,2020,106833,2020,,
75113,2020,Trafic de stupéfiants,Mis en cause,170.0,0.9559531,diff,177833,2020,106833,2020,,
75113,2020,Escroqueries et fraudes aux moyens de paiement,Victime,1107.0,6.2249414,diff,177833,2020,106833,2020,,
75114,2020,Violences physiques intrafamiliales,Victime,210.0,1.5675502,diff,133967,2020,85012,2020,,
75114,2020,Violences physiques hors cadre familial,Victime,424.0,3.1649585,diff,133967,2020,85012,2020,,
75114,2020,Violences sexuelles,Victime,185.0,1.3809371,diff,133967,2020,85012,2020,,
75114,2020,Vols avec armes,Infraction,26.0,0.1940776,diff,133967,2020,85012,2020,,
75114,2020,Vols violents sans arme,Infraction,468.0,3.4933976,diff,133967,2020,85012,2020,,
75114,2020,Vols sans violence contre des personnes,Victime entendue,5339.0,39.8530982,diff,133967,2020,85012,2020,,
75114,2020,Cambriolages de logement,Infraction,392.0,4.6111197,diff,133967,2020,85012,2020,,
75114,2020,Vols de véhicule,Véhicule,350.0,2.6125837,diff,133967,2020,85012,2020,,
75114,2020,Vols dans les véhicules,Véhicule,552.0,4.1204177,diff,133967,2020,85012,2020,,
75114,2020,Vols d'accessoires sur véhicules,Véhicule,96.0,0.7165944,diff,133967,2020,85012,2020,,
75114,2020,Destructions et dégradations volontaires,Infraction,995.0,7.4272022,diff,133967,2020,85012,2020,,
75114,2020,Usage de stupéfiants,Mis en cause,366.0,2.7320161,diff,133967,2020,85012,2020,,
75114,2020,Usage de stupéfiants (AFD),Mis en cause,65.0,0.4851941,diff,133967,2020,85012,2020,,
75114,2020,Trafic de stupéfiants,Mis en cause,126.0,0.9405301,diff,133967,2020,85012,2020,,
75114,2020,Escroqueries et fraudes aux moyens de paiement,Victime,1266.0,9.4500885,diff,133967,2020,85012,2020,,
75115,2020,Violences physiques intrafamiliales,Victime,358.0,1.5601032,diff,229472,2020,151951,2020,,
75115,2020,Violences physiques hors cadre familial,Victime,496.0,2.1614838,diff,229472,2020,151951,2020,,
75115,2020,Violences sexuelles,Victime,245.0,1.0676684,diff,229472,2020,151951,2020,,
75115,2020,Vols avec armes,Infraction,24.0,0.1045879,diff,229472,2020,151951,2020,,
75115,2020,Vols violents sans arme,Infraction,582.0,2.5362571,diff,229472,2020,151951,2020,,
75115,2020,Vols sans violence contre des personnes,Victime entendue,6281.0,27.3715312,diff,229472,2020,151951,2020,,
75115,2020,Cambriolages de logement,Infraction,1042.0,6.8574814,diff,229472,2020,151951,2020,,
75115,2020,Vols de véhicule,Véhicule,678.0,2.9546088,diff,229472,2020,151951,2020,,
75115,2020,Vols dans les véhicules,Véhicule,743.0,3.2378678,diff,229472,2020,151951,2020,,
75115,2020,Vols d'accessoires sur véhicules,Véhicule,180.0,0.7844094,diff,229472,2020,151951,2020,,
75115,2020,Destructions et dégradations volontaires,Infraction,1179.0,5.1378817,diff,229472,2020,151951,2020,,
75115,2020,Usage de stupéfiants,Mis en cause,523.0,2.2791452,diff,229472,2020,151951,2020,,
75115,2020,Usage de stupéfiants (AFD),Mis en cause,70.0,0.3050481,diff,229472,2020,151951,2020,,
75115,2020,Trafic de stupéfiants,Mis en cause,208.0,0.9064287,diff,229472,2020,151951,2020,,
75115,2020,Escroqueries et fraudes aux moyens de paiement,Victime,2058.0,8.9684144,diff,229472,2020,151951,2020,,
75116,2020,Violences physiques intrafamiliales,Victime,242.0,1.4863039,diff,162820,2020,102828,2020,,
75116,2020,Violences physiques hors cadre familial,Victime,466.0,2.8620563,diff,162820,2020,102828,2020,,
75116,2020,Violences sexuelles,Victime,219.0,1.3450436,diff,162820,2020,102828,2020,,
75116,2020,Vols avec armes,Infraction,52.0,0.3193711,diff,162820,2020,102828,2020,,
75116,2020,Vols violents sans arme,Infraction,1019.0,6.2584449,diff,162820,2020,102828,2020,,
75116,2020,Vols sans violence contre des personnes,Victime entendue,5194.0,31.900258,diff,162820,2020,102828,2020,,
75116,2020,Cambriolages de logement,Infraction,670.0,6.5157345,diff,162820,2020,102828,2020,,
75116,2020,Vols de véhicule,Véhicule,668.0,4.1026901,diff,162820,2020,102828,2020,,
75116,2020,Vols dans les véhicules,Véhicule,1876.0,11.5219261,diff,162820,2020,102828,2020,,
75116,2020,Vols d'accessoires sur véhicules,Véhicule,208.0,1.2774843,diff,162820,2020,102828,2020,,
75116,2020,Destructions et dégradations volontaires,Infraction,1456.0,8.9423904,diff,162820,2020,102828,2020,,
75116,2020,Usage de stupéfiants,Mis en cause,320.0,1.9653605,diff,162820,2020,102828,2020,,
75116,2020,Usage de stupéfiants (AFD),Mis en cause,90.0,0.5527576,diff,162820,2020,102828,2020,,
75116,2020,Trafic de stupéfiants,Mis en cause,126.0,0.7738607,diff,162820,2020,102828,2020,,
75116,2020,Escroqueries et fraudes aux moyens de paiement,Victime,1561.0,9.5872743,diff,162820,2020,102828,2020,,
75117,2020,Violences physiques intrafamiliales,Victime,277.0,1.665304,diff,166336,2020,107148,2020,,
75117,2020,Violences physiques hors cadre familial,Victime,472.0,2.8376299,diff,166336,2020,107148,2020,,
75117,2020,Violences sexuelles,Victime,162.0,0.9739323,diff,166336,2020,107148,2020,,
75117,2020,Vols avec armes,Infraction,28.0,0.168334,diff,166336,2020,107148,2020,,
75117,2020,Vols violents sans arme,Infraction,1038.0,6.2403809,diff,166336,2020,107148,2020,,
75117,2020,Vols sans violence contre des personnes,Victime entendue,5163.0,31.0395825,diff,166336,2020,107148,2020,,
75117,2020,Cambriolages de logement,Infraction,742.0,6.9250004,diff,166336,2020,107148,2020,,
75117,2020,Vols de véhicule,Véhicule,670.0,4.0279915,diff,166336,2020,107148,2020,,
75117,2020,Vols dans les véhicules,Véhicule,941.0,5.6572239,diff,166336,2020,107148,2020,,
75117,2020,Vols d'accessoires sur véhicules,Véhicule,193.0,1.160302,diff,166336,2020,107148,2020,,
75117,2020,Destructions et dégradations volontaires,Infraction,1652.0,9.9317045,diff,166336,2020,107148,2020,,
75117,2020,Usage de stupéfiants,Mis en cause,362.0,2.1763178,diff,166336,2020,107148,2020,,
75117,2020,Usage de stupéfiants (AFD),Mis en cause,109.0,0.6553001,diff,166336,2020,107148,2020,,
75117,2020,Trafic de stupéfiants,Mis en cause,111.0,0.667324,diff,166336,2020,107148,2020,,
75117,2020,Escroqueries et fraudes aux moyens de paiement,Victime,1551.0,9.3244998,diff,166336,2020,107148,2020,,
75118,2020,Violences physiques intrafamiliales,Victime,357.0,1.8677898,diff,191135,2020,123578,2020,,
75118,2020,Violences physiques hors cadre familial,Victime,995.0,5.2057446,diff,191135,2020,123578,2020,,
75118,2020,Violences sexuelles,Victime,317.0,1.6585136,diff,191135,2020,123578,2020,,
75118,2020,Vols avec armes,Infraction,99.0,0.5179585,diff,191135,2020,123578,2020,,
75118,2020,Vols violents sans arme,Infraction,2084.0,10.9032883,diff,191135,2020,123578,2020,,
75118,2020,Vols sans violence contre des personnes,Victime entendue,11355.0,59.4082716,diff,191135,2020,123578,2020,,
75118,2020,Cambriolages de logement,Infraction,1411.0,11.4179147,diff,191135,2020,123578,2020,,
75118,2020,Vols de véhicule,Véhicule,534.0,2.7938368,diff,191135,2020,123578,2020,,
75118,2020,Vols dans les véhicules,Véhicule,2040.0,10.6730845,diff,191135,2020,123578,2020,,
75118,2020,Vols d'accessoires sur véhicules,Véhicule,185.0,0.9679023,diff,191135,2020,123578,2020,,
75118,2020,Destructions et dégradations volontaires,Infraction,2266.0,11.8554948,diff,191135,2020,123578,2020,,
75118,2020,Usage de stupéfiants,Mis en cause,1264.0,6.6131268,diff,191135,2020,123578,2020,,
75118,2020,Usage de stupéfiants (AFD),Mis en cause,157.0,0.821409,diff,191135,2020,123578,2020,,
75118,2020,Trafic de stupéfiants,Mis en cause,401.0,2.0979936,diff,191135,2020,123578,2020,,
75118,2020,Escroqueries et fraudes aux moyens de paiement,Victime,1160.0,6.0690088,diff,191135,2020,123578,2020,,
75119,2020,Violences physiques intrafamiliales,Victime,453.0,2.472559,diff,183211,2020,100280,2020,,
75119,2020,Violences physiques hors cadre familial,Victime,799.0,4.3610919,diff,183211,2020,100280,2020,,
75119,2020,Violences sexuelles,Victime,413.0,2.2542315,diff,183211,2020,100280,2020,,
75119,2020,Vols avec armes,Infraction,56.0,0.3056585,diff,183211,2020,100280,2020,,
75119,2020,Vols violents sans arme,Infraction,1405.0,7.6687535,diff,183211,2020,100280,2020,,
75119,2020,Vols sans violence contre des personnes,Victime entendue,7058.0,38.5238878,diff,183211,2020,100280,2020,,
75119,2020,Cambriolages de logement,Infraction,587.0,5.8535979,diff,183211,2020,100280,2020,,
75119,2020,Vols de véhicule,Véhicule,524.0,2.8600903,diff,183211,2020,100280,2020,,
75119,2020,Vols dans les véhicules,Véhicule,1811.0,9.8847777,diff,183211,2020,100280,2020,,
75119,2020,Vols d'accessoires sur véhicules,Véhicule,146.0,0.7968954,diff,183211,2020,100280,2020,,
75119,2020,Destructions et dégradations volontaires,Infraction,2182.0,11.9097652,diff,183211,2020,100280,2020,,
75119,2020,Usage de stupéfiants,Mis en cause,995.0,5.4308966,diff,183211,2020,100280,2020,,
75119,2020,Usage de stupéfiants (AFD),Mis en cause,42.0,0.2292439,diff,183211,2020,100280,2020,,
75119,2020,Trafic de stupéfiants,Mis en cause,431.0,2.3524788,diff,183211,2020,100280,2020,,
75119,2020,Escroqueries et fraudes aux moyens de paiement,Victime,1518.0,8.2855287,diff,183211,2020,100280,2020,,
75120,2020,Violences physiques intrafamiliales,Victime,516.0,2.6858214,diff,192120,2020,108128,2020,,
75120,2020,Violences physiques hors cadre familial,Victime,639.0,3.3260462,diff,192120,2020,108128,2020,,
75120,2020,Violences sexuelles,Victime,216.0,1.1242973,diff,192120,2020,108128,2020,,
75120,2020,Vols avec armes,Infraction,29.0,0.1509473,diff,192120,2020,108128,2020,,
75120,2020,Vols violents sans arme,Infraction,765.0,3.9818863,diff,192120,2020,108128,2020,,
75120,2020,Vols sans violence contre des personnes,Victime entendue,4168.0,21.6947741,diff,192120,2020,108128,2020,,
75120,2020,Cambriolages de logement,Infraction,497.0,4.596413,diff,192120,2020,108128,2020,,
75120,2020,Vols de véhicule,Véhicule,419.0,2.1809286,diff,192120,2020,108128,2020,,
75120,2020,Vols dans les véhicules,Véhicule,684.0,3.5602748,diff,192120,2020,108128,2020,,
75120,2020,Vols d'accessoires sur véhicules,Véhicule,150.0,0.780762,diff,192120,2020,108128,2020,,
75120,2020,Destructions et dégradations volontaires,Infraction,1696.0,8.8278159,diff,192120,2020,108128,2020,,
75120,2020,Usage de stupéfiants,Mis en cause,702.0,3.6539663,diff,192120,2020,108128,2020,,
75120,2020,Usage de stupéfiants (AFD),Mis en cause,90.0,0.4684572,diff,192120,2020,108128,2020,,
75120,2020,Trafic de stupéfiants,Mis en cause,275.0,1.431397,diff,192120,2020,108128,2020,,
75120,2020,Escroqueries et fraudes aux moyens de paiement,Victime,1873.0,9.7491151,diff,192120,2020,108128,2020,,
75101,2021,Violences physiques intrafamiliales,Victime,67.0,4.2088071,diff,15919,2021,13891,2021,,
75101,2021,Violences physiques hors cadre familial,Victime,281.0,17.6518626,diff,15919,2021,13891,2021,,
75101,2021,Violences sexuelles,Victime,120.0,7.5381619,diff,15919,2021,13891,2021,,
75101,2021,Vols avec armes,Infraction,15.0,0.9422702,diff,15919,2021,13891,2021,,
75101,2021,Vols violents sans arme,Infraction,574.0,36.0575413,diff,15919,2021,13891,2021,,
75101,2021,Vols sans violence contre des personnes,Victime entendue,5409.0,339.7826497,diff,15919,2021,13891,2021,,
75101,2021,Cambriolages de logement,Infraction,201.0,14.4698317,diff,15919,2021,13891,2021,,
75101,2021,Vols de véhicule,Véhicule,81.0,5.0882593,diff,15919,2021,13891,2021,,
75101,2021,Vols dans les véhicules,Véhicule,441.0,27.7027451,diff,15919,2021,13891,2021,,
75101,2021,Vols d'accessoires sur véhicules,Véhicule,31.0,1.9473585,diff,15919,2021,13891,2021,,
75101,2021,Destructions et dégradations volontaires,Infraction,398.0,25.0015705,diff,15919,2021,13891,2021,,
75101,2021,Usage de stupéfiants,Mis en cause,525.0,32.9794585,diff,15919,2021,13891,2021,,
75101,2021,Usage de stupéfiants (AFD),Mis en cause,349.0,21.9234877,diff,15919,2021,13891,2021,,
75101,2021,Trafic de stupéfiants,Mis en cause,55.0,3.4549909,diff,15919,2021,13891,2021,,
75101,2021,Escroqueries et fraudes aux moyens de paiement,Victime,277.0,17.4005905,diff,15919,2021,13891,2021,,
75102,2021,Violences physiques intrafamiliales,Victime,54.0,2.5569392,diff,21119,2021,17345,2021,,
75102,2021,Violences physiques hors cadre familial,Victime,129.0,6.1082438,diff,21119,2021,17345,2021,,
75102,2021,Violences sexuelles,Victime,81.0,3.8354089,diff,21119,2021,17345,2021,,
75102,2021,Vols avec armes,Infraction,,,ndiff,21119,2021,17345,2021,"5,0000000","0,1269368"
75102,2021,Vols violents sans arme,Infraction,221.0,10.4645106,diff,21119,2021,17345,2021,,
75102,2021,Vols sans violence contre des personnes,Victime entendue,2541.0,120.3181969,diff,21119,2021,17345,2021,,
75102,2021,Cambriolages de logement,Infraction,240.0,13.8370969,diff,21119,2021,17345,2021,,
75102,2021,Vols de véhicule,Véhicule,106.0,5.019177,diff,21119,2021,17345,2021,,
75102,2021,Vols dans les véhicules,Véhicule,311.0,14.726076,diff,21119,2021,17345,2021,,
75102,2021,Vols d'accessoires sur véhicules,Véhicule,41.0,1.9413798,diff,21119,2021,17345,2021,,
75102,2021,Destructions et dégradations volontaires,Infraction,381.0,18.0406269,diff,21119,2021,17345,2021,,
75102,2021,Usage de stupéfiants,Mis en cause,329.0,15.5783891,diff,21119,2021,17345,2021,,
75102,2021,Usage de stupéfiants (AFD),Mis en cause,160.0,7.5761163,diff,21119,2021,17345,2021,,
75102,2021,Trafic de stupéfiants,Mis en cause,141.0,6.6764525,diff,21119,2021,17345,2021,,
75102,2021,Escroqueries et fraudes aux moyens de paiement,Victime,376.0,17.8038733,diff,21119,2021,17345,2021,,
75103,2021,Violences physiques intrafamiliales,Victime,90.0,2.7444882,diff,32793,2021,26325,2021,,
75103,2021,Violences physiques hors cadre familial,Victime,165.0,5.0315616,diff,32793,2021,26325,2021,,
75103,2021,Violences sexuelles,Victime,75.0,2.2870735,diff,32793,2021,26325,2021,,
75103,2021,Vols avec armes,Infraction,8.0,0.2439545,diff,32793,2021,26325,2021,,
75103,2021,Vols violents sans arme,Infraction,278.0,8.477419,diff,32793,2021,26325,2021,,
75103,2021,Vols sans violence contre des personnes,Victime entendue,2543.0,77.5470375,diff,32793,2021,26325,2021,,
75103,2021,Cambriolages de logement,Infraction,347.0,13.1814899,diff,32793,2021,26325,2021,,
75103,2021,Vols de véhicule,Véhicule,138.0,4.2082152,diff,32793,2021,26325,2021,,
75103,2021,Vols dans les véhicules,Véhicule,421.0,12.8381057,diff,32793,2021,26325,2021,,
75103,2021,Vols d'accessoires sur véhicules,Véhicule,31.0,0.9453237,diff,32793,2021,26325,2021,,
75103,2021,Destructions et dégradations volontaires,Infraction,490.0,14.9422133,diff,32793,2021,26325,2021,,
75103,2021,Usage de stupéfiants,Mis en cause,198.0,6.0378739,diff,32793,2021,26325,2021,,
75103,2021,Usage de stupéfiants (AFD),Mis en cause,91.0,2.7749825,diff,32793,2021,26325,2021,,
75103,2021,Trafic de stupéfiants,Mis en cause,54.0,1.6466929,diff,32793,2021,26325,2021,,
75103,2021,Escroqueries et fraudes aux moyens de paiement,Victime,429.0,13.0820602,diff,32793,2021,26325,2021,,
75104,2021,Violences physiques intrafamiliales,Victime,59.0,2.0830391,diff,28324,2021,22923,2021,,
75104,2021,Violences physiques hors cadre familial,Victime,273.0,9.6384691,diff,28324,2021,22923,2021,,
75104,2021,Violences sexuelles,Victime,84.0,2.9656828,diff,28324,2021,22923,2021,,
75104,2021,Vols avec armes,Infraction,9.0,0.3177517,diff,28324,2021,22923,2021,,
75104,2021,Vols violents sans arme,Infraction,364.0,12.8512922,diff,28324,2021,22923,2021,,
75104,2021,Vols sans violence contre des personnes,Victime entendue,3464.0,122.2991103,diff,28324,2021,22923,2021,,
75104,2021,Cambriolages de logement,Infraction,321.0,14.0032151,diff,28324,2021,22923,2021,,
75104,2021,Vols de véhicule,Véhicule,97.0,3.4246575,diff,28324,2021,22923,2021,,
75104,2021,Vols dans les véhicules,Véhicule,271.0,9.5678576,diff,28324,2021,22923,2021,,
75104,2021,Vols d'accessoires sur véhicules,Véhicule,37.0,1.3063127,diff,28324,2021,22923,2021,,
75104,2021,Destructions et dégradations volontaires,Infraction,399.0,14.0869934,diff,28324,2021,22923,2021,,
75104,2021,Usage de stupéfiants,Mis en cause,258.0,9.1088829,diff,28324,2021,22923,2021,,
75104,2021,Usage de stupéfiants (AFD),Mis en cause,145.0,5.1193334,diff,28324,2021,22923,2021,,
75104,2021,Trafic de stupéfiants,Mis en cause,49.0,1.7299816,diff,28324,2021,22923,2021,,
75104,2021,Escroqueries et fraudes aux moyens de paiement,Victime,363.0,12.8159864,diff,28324,2021,22923,2021,,
75105,2021,Violences physiques intrafamiliales,Victime,70.0,1.2315054,diff,56841,2021,39903,2021,,
75105,2021,Violences physiques hors cadre familial,Victime,198.0,3.4834011,diff,56841,2021,39903,2021,,
75105,2021,Violences sexuelles,Victime,110.0,1.9352228,diff,56841,2021,39903,2021,,
75105,2021,Vols avec armes,Infraction,,,ndiff,56841,2021,39903,2021,"5,0000000","0,1269368"
75105,2021,Vols violents sans arme,Infraction,240.0,4.2223043,diff,56841,2021,39903,2021,,
75105,2021,Vols sans violence contre des personnes,Victime entendue,3115.0,54.8019915,diff,56841,2021,39903,2021,,
75105,2021,Cambriolages de logement,Infraction,393.0,9.8489147,diff,56841,2021,39903,2021,,
75105,2021,Vols de véhicule,Véhicule,111.0,1.9528157,diff,56841,2021,39903,2021,,
75105,2021,Vols dans les véhicules,Véhicule,283.0,4.9788005,diff,56841,2021,39903,2021,,
75105,2021,Vols d'accessoires sur véhicules,Véhicule,34.0,0.5981598,diff,56841,2021,39903,2021,,
75105,2021,Destructions et dégradations volontaires,Infraction,490.0,8.620538,diff,56841,2021,39903,2021,,
75105,2021,Usage de stupéfiants,Mis en cause,82.0,1.4426206,diff,56841,2021,39903,2021,,
75105,2021,Usage de stupéfiants (AFD),Mis en cause,29.0,0.5101951,diff,56841,2021,39903,2021,,
75105,2021,Trafic de stupéfiants,Mis en cause,38.0,0.6685315,diff,56841,2021,39903,2021,,
75105,2021,Escroqueries et fraudes aux moyens de paiement,Victime,744.0,13.0891434,diff,56841,2021,39903,2021,,
75106,2021,Violences physiques intrafamiliales,Victime,63.0,1.5668134,diff,40209,2021,31682,2021,,
75106,2021,Violences physiques hors cadre familial,Victime,113.0,2.8103161,diff,40209,2021,31682,2021,,
75106,2021,Violences sexuelles,Victime,93.0,2.312915,diff,40209,2021,31682,2021,,
75106,2021,Vols avec armes,Infraction,,,ndiff,40209,2021,31682,2021,"5,0000000","0,1269368"
75106,2021,Vols violents sans arme,Infraction,193.0,4.7999204,diff,40209,2021,31682,2021,,
75106,2021,Vols sans violence contre des personnes,Victime entendue,3219.0,80.0567037,diff,40209,2021,31682,2021,,
75106,2021,Cambriolages de logement,Infraction,360.0,11.362905,diff,40209,2021,31682,2021,,
75106,2021,Vols de véhicule,Véhicule,107.0,2.6610958,diff,40209,2021,31682,2021,,
75106,2021,Vols dans les véhicules,Véhicule,310.0,7.7097167,diff,40209,2021,31682,2021,,
75106,2021,Vols d'accessoires sur véhicules,Véhicule,30.0,0.7461016,diff,40209,2021,31682,2021,,
75106,2021,Destructions et dégradations volontaires,Infraction,416.0,10.3459425,diff,40209,2021,31682,2021,,
75106,2021,Usage de stupéfiants,Mis en cause,99.0,2.4621353,diff,40209,2021,31682,2021,,
75106,2021,Usage de stupéfiants (AFD),Mis en cause,14.0,0.3481808,diff,40209,2021,31682,2021,,
75106,2021,Trafic de stupéfiants,Mis en cause,131.0,3.2579771,diff,40209,2021,31682,2021,,
75106,2021,Escroqueries et fraudes aux moyens de paiement,Victime,878.0,21.8359074,diff,40209,2021,31682,2021,,
75107,2021,Violences physiques intrafamiliales,Victime,72.0,1.5016581,diff,47947,2021,39397,2021,,
75107,2021,Violences physiques hors cadre familial,Victime,163.0,3.399587,diff,47947,2021,39397,2021,,
75107,2021,Violences sexuelles,Victime,98.0,2.0439235,diff,47947,2021,39397,2021,,
75107,2021,Vols avec armes,Infraction,10.0,0.2085636,diff,47947,2021,39397,2021,,
75107,2021,Vols violents sans arme,Infraction,378.0,7.8837049,diff,47947,2021,39397,2021,,
75107,2021,Vols sans violence contre des personnes,Victime entendue,3339.0,69.6393935,diff,47947,2021,39397,2021,,
75107,2021,Cambriolages de logement,Infraction,289.0,7.3355031,diff,47947,2021,39397,2021,,
75107,2021,Vols de véhicule,Véhicule,148.0,3.0867416,diff,47947,2021,39397,2021,,
75107,2021,Vols dans les véhicules,Véhicule,429.0,8.9473794,diff,47947,2021,39397,2021,,
75107,2021,Vols d'accessoires sur véhicules,Véhicule,69.0,1.439089,diff,47947,2021,39397,2021,,
75107,2021,Destructions et dégradations volontaires,Infraction,526.0,10.9704465,diff,47947,2021,39397,2021,,
75107,2021,Usage de stupéfiants,Mis en cause,95.0,1.9813544,diff,47947,2021,39397,2021,,
75107,2021,Usage de stupéfiants (AFD),Mis en cause,63.0,1.3139508,diff,47947,2021,39397,2021,,
75107,2021,Trafic de stupéfiants,Mis en cause,21.0,0.4379836,diff,47947,2021,39397,2021,,
75107,2021,Escroqueries et fraudes aux moyens de paiement,Victime,1111.0,23.1714184,diff,47947,2021,39397,2021,,
75108,2021,Violences physiques intrafamiliales,Victime,86.0,2.448538,diff,35123,2021,27402,2021,,
75108,2021,Violences physiques hors cadre familial,Victime,388.0,11.0468923,diff,35123,2021,27402,2021,,
75108,2021,Violences sexuelles,Victime,182.0,5.1817897,diff,35123,2021,27402,2021,,
75108,2021,Vols avec armes,Infraction,20.0,0.5694274,diff,35123,2021,27402,2021,,
75108,2021,Vols violents sans arme,Infraction,575.0,16.3710389,diff,35123,2021,27402,2021,,
75108,2021,Vols sans violence contre des personnes,Victime entendue,5732.0,163.1979045,diff,35123,2021,27402,2021,,
75108,2021,Cambriolages de logement,Infraction,263.0,9.5979834,diff,35123,2021,27402,2021,,
75108,2021,Vols de véhicule,Véhicule,257.0,7.3171426,diff,35123,2021,27402,2021,,
75108,2021,Vols dans les véhicules,Véhicule,946.0,26.9339179,diff,35123,2021,27402,2021,,
75108,2021,Vols d'accessoires sur véhicules,Véhicule,117.0,3.3311505,diff,35123,2021,27402,2021,,
75108,2021,Destructions et dégradations volontaires,Infraction,851.0,24.2291376,diff,35123,2021,27402,2021,,
75108,2021,Usage de stupéfiants,Mis en cause,739.0,21.0403439,diff,35123,2021,27402,2021,,
75108,2021,Usage de stupéfiants (AFD),Mis en cause,481.0,13.6947299,diff,35123,2021,27402,2021,,
75108,2021,Trafic de stupéfiants,Mis en cause,84.0,2.3915953,diff,35123,2021,27402,2021,,
75108,2021,Escroqueries et fraudes aux moyens de paiement,Victime,1121.0,31.9164081,diff,35123,2021,27402,2021,,
75109,2021,Violences physiques intrafamiliales,Victime,119.0,2.0186256,diff,58951,2021,40905,2021,,
75109,2021,Violences physiques hors cadre familial,Victime,229.0,3.8845821,diff,58951,2021,40905,2021,,
75109,2021,Violences sexuelles,Victime,173.0,2.9346406,diff,58951,2021,40905,2021,,
75109,2021,Vols avec armes,Infraction,15.0,0.2544486,diff,58951,2021,40905,2021,,
75109,2021,Vols violents sans arme,Infraction,536.0,9.092297,diff,58951,2021,40905,2021,,
75109,2021,Vols sans violence contre des personnes,Victime entendue,5088.0,86.3089685,diff,58951,2021,40905,2021,,
75109,2021,Cambriolages de logement,Infraction,284.0,6.9428402,diff,58951,2021,40905,2021,,
75109,2021,Vols de véhicule,Véhicule,197.0,3.3417584,diff,58951,2021,40905,2021,,
75109,2021,Vols dans les véhicules,Véhicule,700.0,11.8742685,diff,58951,2021,40905,2021,,
75109,2021,Vols d'accessoires sur véhicules,Véhicule,81.0,1.3740225,diff,58951,2021,40905,2021,,
75109,2021,Destructions et dégradations volontaires,Infraction,835.0,14.1643059,diff,58951,2021,40905,2021,,
75109,2021,Usage de stupéfiants,Mis en cause,257.0,4.3595528,diff,58951,2021,40905,2021,,
75109,2021,Usage de stupéfiants (AFD),Mis en cause,78.0,1.3231328,diff,58951,2021,40905,2021,,
75109,2021,Trafic de stupéfiants,Mis en cause,153.0,2.5953758,diff,58951,2021,40905,2021,,
75109,2021,Escroqueries et fraudes aux moyens de paiement,Victime,978.0,16.5900494,diff,58951,2021,40905,2021,,
75110,2021,Violences physiques intrafamiliales,Victime,204.0,2.4418563,diff,83543,2021,59900,2021,,
75110,2021,Violences physiques hors cadre familial,Victime,617.0,7.3854183,diff,83543,2021,59900,2021,,
75110,2021,Violences sexuelles,Victime,266.0,3.1839891,diff,83543,2021,59900,2021,,
75110,2021,Vols avec armes,Infraction,28.0,0.3351567,diff,83543,2021,59900,2021,,
75110,2021,Vols violents sans arme,Infraction,1132.0,13.5499084,diff,83543,2021,59900,2021,,
75110,2021,Vols sans violence contre des personnes,Victime entendue,7300.0,87.3801515,diff,83543,2021,59900,2021,,
75110,2021,Cambriolages de logement,Infraction,402.0,6.7111512,diff,83543,2021,59900,2021,,
75110,2021,Vols de véhicule,Véhicule,309.0,3.6986941,diff,83543,2021,59900,2021,,
75110,2021,Vols dans les véhicules,Véhicule,938.0,11.227751,diff,83543,2021,59900,2021,,
75110,2021,Vols d'accessoires sur véhicules,Véhicule,101.0,1.2089583,diff,83543,2021,59900,2021,,
75110,2021,Destructions et dégradations volontaires,Infraction,1150.0,13.7653663,diff,83543,2021,59900,2021,,
75110,2021,Usage de stupéfiants,Mis en cause,1020.0,12.2092814,diff,83543,2021,59900,2021,,
75110,2021,Usage de stupéfiants (AFD),Mis en cause,480.0,5.7455442,diff,83543,2021,59900,2021,,
75110,2021,Trafic de stupéfiants,Mis en cause,389.0,4.6562848,diff,83543,2021,59900,2021,,
75110,2021,Escroqueries et fraudes aux moyens de paiement,Victime,1056.0,12.6401973,diff,83543,2021,59900,2021,,
75111,2021,Violences physiques intrafamiliales,Victime,287.0,2.0128627,diff,142583,2021,101305,2021,,
75111,2021,Violences physiques hors cadre familial,Victime,497.0,3.485689,diff,142583,2021,101305,2021,,
75111,2021,Violences sexuelles,Victime,243.0,1.7042705,diff,142583,2021,101305,2021,,
75111,2021,Vols avec armes,Infraction,21.0,0.1472826,diff,142583,2021,101305,2021,,
75111,2021,Vols violents sans arme,Infraction,732.0,5.1338519,diff,142583,2021,101305,2021,,
75111,2021,Vols sans violence contre des personnes,Victime entendue,5649.0,39.6190289,diff,142583,2021,101305,2021,,
75111,2021,Cambriolages de logement,Infraction,489.0,4.8270307,diff,142583,2021,101305,2021,,
75111,2021,Vols de véhicule,Véhicule,449.0,3.149043,diff,142583,2021,101305,2021,,
75111,2021,Vols dans les véhicules,Véhicule,657.0,4.6078424,diff,142583,2021,101305,2021,,
75111,2021,Vols d'accessoires sur véhicules,Véhicule,138.0,0.9678573,diff,142583,2021,101305,2021,,
75111,2021,Destructions et dégradations volontaires,Infraction,1659.0,11.6353282,diff,142583,2021,101305,2021,,
75111,2021,Usage de stupéfiants,Mis en cause,457.0,3.2051507,diff,142583,2021,101305,2021,,
75111,2021,Usage de stupéfiants (AFD),Mis en cause,190.0,1.3325572,diff,142583,2021,101305,2021,,
75111,2021,Trafic de stupéfiants,Mis en cause,210.0,1.4728264,diff,142583,2021,101305,2021,,
75111,2021,Escroqueries et fraudes aux moyens de paiement,Victime,1880.0,13.1853026,diff,142583,2021,101305,2021,,
75112,2021,Violences physiques intrafamiliales,Victime,289.0,2.0503143,diff,140954,2021,88078,2021,,
75112,2021,Violences physiques hors cadre familial,Victime,795.0,5.6401379,diff,140954,2021,88078,2021,,
75112,2021,Violences sexuelles,Victime,322.0,2.2844332,diff,140954,2021,88078,2021,,
75112,2021,Vols avec armes,Infraction,45.0,0.3192531,diff,140954,2021,88078,2021,,
75112,2021,Vols violents sans arme,Infraction,887.0,6.2928331,diff,140954,2021,88078,2021,,
75112,2021,Vols sans violence contre des personnes,Victime entendue,7627.0,54.1098514,diff,140954,2021,88078,2021,,
75112,2021,Cambriolages de logement,Infraction,485.0,5.5064782,diff,140954,2021,88078,2021,,
75112,2021,Vols de véhicule,Véhicule,483.0,3.4266498,diff,140954,2021,88078,2021,,
75112,2021,Vols dans les véhicules,Véhicule,968.0,6.8674887,diff,140954,2021,88078,2021,,
75112,2021,Vols d'accessoires sur véhicules,Véhicule,223.0,1.5820764,diff,140954,2021,88078,2021,,
75112,2021,Destructions et dégradations volontaires,Infraction,1471.0,10.4360288,diff,140954,2021,88078,2021,,
75112,2021,Usage de stupéfiants,Mis en cause,955.0,6.77526,diff,140954,2021,88078,2021,,
75112,2021,Usage de stupéfiants (AFD),Mis en cause,629.0,4.4624487,diff,140954,2021,88078,2021,,
75112,2021,Trafic de stupéfiants,Mis en cause,179.0,1.2699178,diff,140954,2021,88078,2021,,
75112,2021,Escroqueries et fraudes aux moyens de paiement,Victime,1219.0,8.6482115,diff,140954,2021,88078,2021,,
75113,2021,Violences physiques intrafamiliales,Victime,427.0,2.3941688,diff,178350,2021,106903,2021,,
75113,2021,Violences physiques hors cadre familial,Victime,624.0,3.4987384,diff,178350,2021,106903,2021,,
75113,2021,Violences sexuelles,Victime,297.0,1.6652649,diff,178350,2021,106903,2021,,
75113,2021,Vols avec armes,Infraction,17.0,0.0953182,diff,178350,2021,106903,2021,,
75113,2021,Vols violents sans arme,Infraction,738.0,4.137931,diff,178350,2021,106903,2021,,
75113,2021,Vols sans violence contre des personnes,Victime entendue,7777.0,43.6052705,diff,178350,2021,106903,2021,,
75113,2021,Cambriolages de logement,Infraction,574.0,5.3693558,diff,178350,2021,106903,2021,,
75113,2021,Vols de véhicule,Véhicule,391.0,2.1923185,diff,178350,2021,106903,2021,,
75113,2021,Vols dans les véhicules,Véhicule,991.0,5.55649,diff,178350,2021,106903,2021,,
75113,2021,Vols d'accessoires sur véhicules,Véhicule,133.0,0.7457247,diff,178350,2021,106903,2021,,
75113,2021,Destructions et dégradations volontaires,Infraction,1396.0,7.8273059,diff,178350,2021,106903,2021,,
75113,2021,Usage de stupéfiants,Mis en cause,752.0,4.2164284,diff,178350,2021,106903,2021,,
75113,2021,Usage de stupéfiants (AFD),Mis en cause,311.0,1.7437623,diff,178350,2021,106903,2021,,
75113,2021,Trafic de stupéfiants,Mis en cause,221.0,1.2391365,diff,178350,2021,106903,2021,,
75113,2021,Escroqueries et fraudes aux moyens de paiement,Victime,1611.0,9.0328007,diff,178350,2021,106903,2021,,
75114,2021,Violences physiques intrafamiliales,Victime,244.0,1.7892761,diff,136368,2021,85738,2021,,
75114,2021,Violences physiques hors cadre familial,Victime,408.0,2.9919043,diff,136368,2021,85738,2021,,
75114,2021,Violences sexuelles,Victime,218.0,1.5986155,diff,136368,2021,85738,2021,,
75114,2021,Vols avec armes,Infraction,19.0,0.1393289,diff,136368,2021,85738,2021,,
75114,2021,Vols violents sans arme,Infraction,440.0,3.2265634,diff,136368,2021,85738,2021,,
75114,2021,Vols sans violence contre des personnes,Victime entendue,5010.0,36.7388244,diff,136368,2021,85738,2021,,
75114,2021,Cambriolages de logement,Infraction,452.0,5.2718473,diff,136368,2021,85738,2021,,
75114,2021,Vols de véhicule,Véhicule,366.0,2.6839141,diff,136368,2021,85738,2021,,
75114,2021,Vols dans les véhicules,Véhicule,389.0,2.8525754,diff,136368,2021,85738,2021,,
75114,2021,Vols d'accessoires sur véhicules,Véhicule,90.0,0.6599789,diff,136368,2021,85738,2021,,
75114,2021,Destructions et dégradations volontaires,Infraction,1039.0,7.6190895,diff,136368,2021,85738,2021,,
75114,2021,Usage de stupéfiants,Mis en cause,484.0,3.5492198,diff,136368,2021,85738,2021,,
75114,2021,Usage de stupéfiants (AFD),Mis en cause,219.0,1.6059486,diff,136368,2021,85738,2021,,
75114,2021,Trafic de stupéfiants,Mis en cause,170.0,1.2466268,diff,136368,2021,85738,2021,,
75114,2021,Escroqueries et fraudes aux moyens de paiement,Victime,1776.0,13.0235832,diff,136368,2021,85738,2021,,
75115,2021,Violences physiques intrafamiliales,Victime,454.0,1.9934488,diff,227746,2021,152003,2021,,
75115,2021,Violences physiques hors cadre familial,Victime,511.0,2.2437277,diff,227746,2021,152003,2021,,
75115,2021,Violences sexuelles,Victime,381.0,1.6729163,diff,227746,2021,152003,2021,,
75115,2021,Vols avec armes,Infraction,34.0,0.1492891,diff,227746,2021,152003,2021,,
75115,2021,Vols violents sans arme,Infraction,782.0,3.4336498,diff,227746,2021,152003,2021,,
75115,2021,Vols sans violence contre des personnes,Victime entendue,6928.0,30.4198537,diff,227746,2021,152003,2021,,
75115,2021,Cambriolages de logement,Infraction,1201.0,7.9011456,diff,227746,2021,152003,2021,,
75115,2021,Vols de véhicule,Véhicule,627.0,2.753067,diff,227746,2021,152003,2021,,
75115,2021,Vols dans les véhicules,Véhicule,672.0,2.9506556,diff,227746,2021,152003,2021,,
75115,2021,Vols d'accessoires sur véhicules,Véhicule,182.0,0.7991359,diff,227746,2021,152003,2021,,
75115,2021,Destructions et dégradations volontaires,Infraction,1346.0,5.9100928,diff,227746,2021,152003,2021,,
75115,2021,Usage de stupéfiants,Mis en cause,1288.0,5.6554231,diff,227746,2021,152003,2021,,
75115,2021,Usage de stupéfiants (AFD),Mis en cause,786.0,3.4512132,diff,227746,2021,152003,2021,,
75115,2021,Trafic de stupéfiants,Mis en cause,248.0,1.0889324,diff,227746,2021,152003,2021,,
75115,2021,Escroqueries et fraudes aux moyens de paiement,Victime,3739.0,16.4174124,diff,227746,2021,152003,2021,,
75116,2021,Violences physiques intrafamiliales,Victime,240.0,1.4809238,diff,162061,2021,102810,2021,,
75116,2021,Violences physiques hors cadre familial,Victime,422.0,2.6039578,diff,162061,2021,102810,2021,,
75116,2021,Violences sexuelles,Victime,274.0,1.6907214,diff,162061,2021,102810,2021,,
75116,2021,Vols avec armes,Infraction,39.0,0.2406501,diff,162061,2021,102810,2021,,
75116,2021,Vols violents sans arme,Infraction,954.0,5.8866723,diff,162061,2021,102810,2021,,
75116,2021,Vols sans violence contre des personnes,Victime entendue,5965.0,36.8071282,diff,162061,2021,102810,2021,,
75116,2021,Cambriolages de logement,Infraction,623.0,6.0597481,diff,162061,2021,102810,2021,,
75116,2021,Vols de véhicule,Véhicule,759.0,4.6834217,diff,162061,2021,102810,2021,,
75116,2021,Vols dans les véhicules,Véhicule,1979.0,12.2114512,diff,162061,2021,102810,2021,,
75116,2021,Vols d'accessoires sur véhicules,Véhicule,255.0,1.5734816,diff,162061,2021,102810,2021,,
75116,2021,Destructions et dégradations volontaires,Infraction,1643.0,10.1381579,diff,162061,2021,102810,2021,,
75116,2021,Usage de stupéfiants,Mis en cause,371.0,2.2892615,diff,162061,2021,102810,2021,,
75116,2021,Usage de stupéfiants (AFD),Mis en cause,229.0,1.4130482,diff,162061,2021,102810,2021,,
75116,2021,Trafic de stupéfiants,Mis en cause,88.0,0.5430054,diff,162061,2021,102810,2021,,
75116,2021,Escroqueries et fraudes aux moyens de paiement,Victime,1653.0,10.199863,diff,162061,2021,102810,2021,,
75117,2021,Violences physiques intrafamiliales,Victime,330.0,2.0071406,diff,164413,2021,107439,2021,,
75117,2021,Violences physiques hors cadre familial,Victime,520.0,3.1627669,diff,164413,2021,107439,2021,,
75117,2021,Violences sexuelles,Victime,262.0,1.593548,diff,164413,2021,107439,2021,,
75117,2021,Vols avec armes,Infraction,36.0,0.2189608,diff,164413,2021,107439,2021,,
75117,2021,Vols violents sans arme,Infraction,882.0,5.3645393,diff,164413,2021,107439,2021,,
75117,2021,Vols sans violence contre des personnes,Victime entendue,4972.0,30.2409177,diff,164413,2021,107439,2021,,
75117,2021,Cambriolages de logement,Infraction,710.0,6.6084165,diff,164413,2021,107439,2021,,
75117,2021,Vols de véhicule,Véhicule,514.0,3.1262735,diff,164413,2021,107439,2021,,
75117,2021,Vols dans les véhicules,Véhicule,935.0,5.6868982,diff,164413,2021,107439,2021,,
75117,2021,Vols d'accessoires sur véhicules,Véhicule,205.0,1.24686,diff,164413,2021,107439,2021,,
75117,2021,Destructions et dégradations volontaires,Infraction,1597.0,9.7133438,diff,164413,2021,107439,2021,,
75117,2021,Usage de stupéfiants,Mis en cause,434.0,2.6396939,diff,164413,2021,107439,2021,,
75117,2021,Usage de stupéfiants (AFD),Mis en cause,230.0,1.3989161,diff,164413,2021,107439,2021,,
75117,2021,Trafic de stupéfiants,Mis en cause,128.0,0.7785272,diff,164413,2021,107439,2021,,
75117,2021,Escroqueries et fraudes aux moyens de paiement,Victime,1838.0,11.1791647,diff,164413,2021,107439,2021,,
75118,2021,Violences physiques intrafamiliales,Victime,385.0,2.0430256,diff,188446,2021,123804,2021,,
75118,2021,Violences physiques hors cadre familial,Victime,1041.0,5.5241289,diff,188446,2021,123804,2021,,
75118,2021,Violences sexuelles,Victime,365.0,1.9368944,diff,188446,2021,123804,2021,,
75118,2021,Vols avec armes,Infraction,108.0,0.5731085,diff,188446,2021,123804,2021,,
75118,2021,Vols violents sans arme,Infraction,1932.0,10.2522739,diff,188446,2021,123804,2021,,
75118,2021,Vols sans violence contre des personnes,Victime entendue,10424.0,55.3155811,diff,188446,2021,123804,2021,,
75118,2021,Cambriolages de logement,Infraction,954.0,7.705744,diff,188446,2021,123804,2021,,
75118,2021,Vols de véhicule,Véhicule,456.0,2.4197913,diff,188446,2021,123804,2021,,
75118,2021,Vols dans les véhicules,Véhicule,1443.0,7.657366,diff,188446,2021,123804,2021,,
75118,2021,Vols d'accessoires sur véhicules,Véhicule,166.0,0.880889,diff,188446,2021,123804,2021,,
75118,2021,Destructions et dégradations volontaires,Infraction,2137.0,11.3401187,diff,188446,2021,123804,2021,,
75118,2021,Usage de stupéfiants,Mis en cause,1553.0,8.2410876,diff,188446,2021,123804,2021,,
75118,2021,Usage de stupéfiants (AFD),Mis en cause,515.0,2.7328784,diff,188446,2021,123804,2021,,
75118,2021,Trafic de stupéfiants,Mis en cause,617.0,3.2741475,diff,188446,2021,123804,2021,,
75118,2021,Escroqueries et fraudes aux moyens de paiement,Victime,1215.0,6.4474704,diff,188446,2021,123804,2021,,
75119,2021,Violences physiques intrafamiliales,Victime,529.0,2.912739,diff,181616,2021,100649,2021,,
75119,2021,Violences physiques hors cadre familial,Victime,859.0,4.7297595,diff,181616,2021,100649,2021,,
75119,2021,Violences sexuelles,Victime,385.0,2.1198573,diff,181616,2021,100649,2021,,
75119,2021,Vols avec armes,Infraction,60.0,0.3303674,diff,181616,2021,100649,2021,,
75119,2021,Vols violents sans arme,Infraction,1390.0,7.6535107,diff,181616,2021,100649,2021,,
75119,2021,Vols sans violence contre des personnes,Victime entendue,7501.0,41.3014272,diff,181616,2021,100649,2021,,
75119,2021,Cambriolages de logement,Infraction,498.0,4.9479042,diff,181616,2021,100649,2021,,
75119,2021,Vols de véhicule,Véhicule,463.0,2.5493349,diff,181616,2021,100649,2021,,
75119,2021,Vols dans les véhicules,Véhicule,1625.0,8.9474496,diff,181616,2021,100649,2021,,
75119,2021,Vols d'accessoires sur véhicules,Véhicule,154.0,0.8479429,diff,181616,2021,100649,2021,,
75119,2021,Destructions et dégradations volontaires,Infraction,2261.0,12.4493437,diff,181616,2021,100649,2021,,
75119,2021,Usage de stupéfiants,Mis en cause,1095.0,6.0292045,diff,181616,2021,100649,2021,,
75119,2021,Usage de stupéfiants (AFD),Mis en cause,254.0,1.3985552,diff,181616,2021,100649,2021,,
75119,2021,Trafic de stupéfiants,Mis en cause,427.0,2.3511144,diff,181616,2021,100649,2021,,
75119,2021,Escroqueries et fraudes aux moyens de paiement,Victime,1570.0,8.6446128,diff,181616,2021,100649,2021,,
75120,2021,Violences physiques intrafamiliales,Victime,416.0,2.1917231,diff,189805,2021,108352,2021,,
75120,2021,Violences physiques hors cadre familial,Victime,636.0,3.3508074,diff,189805,2021,108352,2021,,
75120,2021,Violences sexuelles,Victime,372.0,1.9599062,diff,189805,2021,108352,2021,,
75120,2021,Vols avec armes,Infraction,36.0,0.1896683,diff,189805,2021,108352,2021,,
75120,2021,Vols violents sans arme,Infraction,735.0,3.8723954,diff,189805,2021,108352,2021,,
75120,2021,Vols sans violence contre des personnes,Victime entendue,4389.0,23.1237323,diff,189805,2021,108352,2021,,
75120,2021,Cambriolages de logement,Infraction,559.0,5.1591252,diff,189805,2021,108352,2021,,
75120,2021,Vols de véhicule,Véhicule,516.0,2.7185796,diff,189805,2021,108352,2021,,
75120,2021,Vols dans les véhicules,Véhicule,642.0,3.3824188,diff,189805,2021,108352,2021,,
75120,2021,Vols d'accessoires sur véhicules,Véhicule,164.0,0.8640447,diff,189805,2021,108352,2021,,
75120,2021,Destructions et dégradations volontaires,Infraction,1532.0,8.0714417,diff,189805,2021,108352,2021,,
75120,2021,Usage de stupéfiants,Mis en cause,587.0,3.0926477,diff,189805,2021,108352,2021,,
75120,2021,Usage de stupéfiants (AFD),Mis en cause,122.0,0.6427649,diff,189805,2021,108352,2021,,
75120,2021,Trafic de stupéfiants,Mis en cause,205.0,1.0800558,diff,189805,2021,108352,2021,,
75120,2021,Escroqueries et fraudes aux moyens de paiement,Victime,2101.0,11.0692553,diff,189805,2021,108352,2021,,
75101,2022,Violences physiques intrafamiliales,Victime,71.0,4.5880452,diff,15475,2022,13891,2021,,
75101,2022,Violences physiques hors cadre familial,Victime,400.0,25.8481422,diff,15475,2022,13891,2021,,
75101,2022,Violences sexuelles,Victime,142.0,9.1760905,diff,15475,2022,13891,2021,,
75101,2022,Vols avec armes,Infraction,15.0,0.9693053,diff,15475,2022,13891,2021,,
75101,2022,Vols violents sans arme,Infraction,508.0,32.8271405,diff,15475,2022,13891,2021,,
75101,2022,Vols sans violence contre des personnes,Victime entendue,7177.0,463.7802908,diff,15475,2022,13891,2021,,
75101,2022,Cambriolages de logement,Infraction,234.0,16.8454757,diff,15475,2022,13891,2021,,
75101,2022,Vols de véhicule,Véhicule,111.0,7.1728595,diff,15475,2022,13891,2021,,
75101,2022,Vols dans les véhicules,Véhicule,531.0,34.3134087,diff,15475,2022,13891,2021,,
75101,2022,Vols d'accessoires sur véhicules,Véhicule,54.0,3.4894992,diff,15475,2022,13891,2021,,
75101,2022,Destructions et dégradations volontaires,Infraction,365.0,23.5864297,diff,15475,2022,13891,2021,,
75101,2022,Usage de stupéfiants,Mis en cause,679.0,43.8772213,diff,15475,2022,13891,2021,,
75101,2022,Usage de stupéfiants (AFD),Mis en cause,573.0,37.0274637,diff,15475,2022,13891,2021,,
75101,2022,Trafic de stupéfiants,Mis en cause,74.0,4.7819063,diff,15475,2022,13891,2021,,
75101,2022,Escroqueries et fraudes aux moyens de paiement,Victime,439.0,28.368336,diff,15475,2022,13891,2021,,
75102,2022,Violences physiques intrafamiliales,Victime,72.0,3.5237116,diff,20433,2022,17345,2021,,
75102,2022,Violences physiques hors cadre familial,Victime,203.0,9.9349092,diff,20433,2022,17345,2021,,
75102,2022,Violences sexuelles,Victime,84.0,4.1109969,diff,20433,2022,17345,2021,,
75102,2022,Vols avec armes,Infraction,,,ndiff,20433,2022,17345,2021,"7,3333333","0,2017220"
75102,2022,Vols violents sans arme,Infraction,258.0,12.6266334,diff,20433,2022,17345,2021,,
75102,2022,Vols sans violence contre des personnes,Victime entendue,3284.0,160.7204033,diff,20433,2022,17345,2021,,
75102,2022,Cambriolages de logement,Infraction,306.0,17.6422986,diff,20433,2022,17345,2021,,
75102,2022,Vols de véhicule,Véhicule,120.0,5.8728527,diff,20433,2022,17345,2021,,
75102,2022,Vols dans les véhicules,Véhicule,417.0,20.4081633,diff,20433,2022,17345,2021,,
75102,2022,Vols d'accessoires sur véhicules,Véhicule,53.0,2.5938433,diff,20433,2022,17345,2021,,
75102,2022,Destructions et dégradations volontaires,Infraction,320.0,15.6609406,diff,20433,2022,17345,2021,,
75102,2022,Usage de stupéfiants,Mis en cause,271.0,13.2628591,diff,20433,2022,17345,2021,,
75102,2022,Usage de stupéfiants (AFD),Mis en cause,129.0,6.3133167,diff,20433,2022,17345,2021,,
75102,2022,Trafic de stupéfiants,Mis en cause,140.0,6.8516615,diff,20433,2022,17345,2021,,
75102,2022,Escroqueries et fraudes aux moyens de paiement,Victime,447.0,21.8763764,diff,20433,2022,17345,2021,,
75103,2022,Violences physiques intrafamiliales,Victime,79.0,2.4105944,diff,32772,2022,26325,2021,,
75103,2022,Violences physiques hors cadre familial,Victime,199.0,6.0722568,diff,32772,2022,26325,2021,,
75103,2022,Violences sexuelles,Victime,110.0,3.3565239,diff,32772,2022,26325,2021,,
75103,2022,Vols avec armes,Infraction,9.0,0.2746247,diff,32772,2022,26325,2021,,
75103,2022,Vols violents sans arme,Infraction,254.0,7.7505187,diff,32772,2022,26325,2021,,
75103,2022,Vols sans violence contre des personnes,Victime entendue,2776.0,84.7064567,diff,32772,2022,26325,2021,,
75103,2022,Cambriolages de logement,Infraction,397.0,15.08084,diff,32772,2022,26325,2021,,
75103,2022,Vols de véhicule,Véhicule,146.0,4.4550226,diff,32772,2022,26325,2021,,
75103,2022,Vols dans les véhicules,Véhicule,455.0,13.8838032,diff,32772,2022,26325,2021,,
75103,2022,Vols d'accessoires sur véhicules,Véhicule,40.0,1.2205541,diff,32772,2022,26325,2021,,
75103,2022,Destructions et dégradations volontaires,Infraction,487.0,14.8602466,diff,32772,2022,26325,2021,,
75103,2022,Usage de stupéfiants,Mis en cause,221.0,6.7435616,diff,32772,2022,26325,2021,,
75103,2022,Usage de stupéfiants (AFD),Mis en cause,132.0,4.0278286,diff,32772,2022,26325,2021,,
75103,2022,Trafic de stupéfiants,Mis en cause,83.0,2.5326498,diff,32772,2022,26325,2021,,
75103,2022,Escroqueries et fraudes aux moyens de paiement,Victime,508.0,15.5010375,diff,32772,2022,26325,2021,,
75104,2022,Violences physiques intrafamiliales,Victime,93.0,3.3168087,diff,28039,2022,22923,2021,,
75104,2022,Violences physiques hors cadre familial,Victime,269.0,9.5937801,diff,28039,2022,22923,2021,,
75104,2022,Violences sexuelles,Victime,104.0,3.7091194,diff,28039,2022,22923,2021,,
75104,2022,Vols avec armes,Infraction,12.0,0.4279753,diff,28039,2022,22923,2021,,
75104,2022,Vols violents sans arme,Infraction,363.0,12.9462534,diff,28039,2022,22923,2021,,
75104,2022,Vols sans violence contre des personnes,Victime entendue,3729.0,132.9933307,diff,28039,2022,22923,2021,,
75104,2022,Cambriolages de logement,Infraction,320.0,13.9595914,diff,28039,2022,22923,2021,,
75104,2022,Vols de véhicule,Véhicule,102.0,3.6377902,diff,28039,2022,22923,2021,,
75104,2022,Vols dans les véhicules,Véhicule,272.0,9.7007739,diff,28039,2022,22923,2021,,
75104,2022,Vols d'accessoires sur véhicules,Véhicule,36.0,1.283926,diff,28039,2022,22923,2021,,
75104,2022,Destructions et dégradations volontaires,Infraction,374.0,13.3385641,diff,28039,2022,22923,2021,,
75104,2022,Usage de stupéfiants,Mis en cause,277.0,9.879097,diff,28039,2022,22923,2021,,
75104,2022,Usage de stupéfiants (AFD),Mis en cause,164.0,5.848996,diff,28039,2022,22923,2021,,
75104,2022,Trafic de stupéfiants,Mis en cause,85.0,3.0314919,diff,28039,2022,22923,2021,,
75104,2022,Escroqueries et fraudes aux moyens de paiement,Victime,393.0,14.0161917,diff,28039,2022,22923,2021,,
75105,2022,Violences physiques intrafamiliales,Victime,150.0,2.6821636,diff,55925,2022,39903,2021,,
75105,2022,Violences physiques hors cadre familial,Victime,274.0,4.8994189,diff,55925,2022,39903,2021,,
75105,2022,Violences sexuelles,Victime,154.0,2.753688,diff,55925,2022,39903,2021,,
75105,2022,Vols avec armes,Infraction,8.0,0.1430487,diff,55925,2022,39903,2021,,
75105,2022,Vols violents sans arme,Infraction,220.0,3.93384,diff,55925,2022,39903,2021,,
75105,2022,Vols sans violence contre des personnes,Victime entendue,3595.0,64.2825212,diff,55925,2022,39903,2021,,
75105,2022,Cambriolages de logement,Infraction,570.0,14.2846855,diff,55925,2022,39903,2021,,
75105,2022,Vols de véhicule,Véhicule,143.0,2.556996,diff,55925,2022,39903,2021,,
75105,2022,Vols dans les véhicules,Véhicule,186.0,3.3258829,diff,55925,2022,39903,2021,,
75105,2022,Vols d'accessoires sur véhicules,Véhicule,39.0,0.6973625,diff,55925,2022,39903,2021,,
75105,2022,Destructions et dégradations volontaires,Infraction,481.0,8.6008046,diff,55925,2022,39903,2021,,
75105,2022,Usage de stupéfiants,Mis en cause,132.0,2.360304,diff,55925,2022,39903,2021,,
75105,2022,Usage de stupéfiants (AFD),Mis en cause,51.0,0.9119356,diff,55925,2022,39903,2021,,
75105,2022,Trafic de stupéfiants,Mis en cause,49.0,0.8761734,diff,55925,2022,39903,2021,,
75105,2022,Escroqueries et fraudes aux moyens de paiement,Victime,832.0,14.8770675,diff,55925,2022,39903,2021,,
75106,2022,Violences physiques intrafamiliales,Victime,94.0,2.3248912,diff,40432,2022,31682,2021,,
75106,2022,Violences physiques hors cadre familial,Victime,169.0,4.1798575,diff,40432,2022,31682,2021,,
75106,2022,Violences sexuelles,Victime,102.0,2.5227543,diff,40432,2022,31682,2021,,
75106,2022,Vols avec armes,Infraction,,,ndiff,40432,2022,31682,2021,"7,3333333","0,2017220"
75106,2022,Vols violents sans arme,Infraction,184.0,4.5508508,diff,40432,2022,31682,2021,,
75106,2022,Vols sans violence contre des personnes,Victime entendue,3280.0,81.1238623,diff,40432,2022,31682,2021,,
75106,2022,Cambriolages de logement,Infraction,500.0,15.7818124,diff,40432,2022,31682,2021,,
75106,2022,Vols de véhicule,Véhicule,101.0,2.4980214,diff,40432,2022,31682,2021,,
75106,2022,Vols dans les véhicules,Véhicule,538.0,13.306292,diff,40432,2022,31682,2021,,
75106,2022,Vols d'accessoires sur véhicules,Véhicule,51.0,1.2613771,diff,40432,2022,31682,2021,,
75106,2022,Destructions et dégradations volontaires,Infraction,390.0,9.6458251,diff,40432,2022,31682,2021,,
75106,2022,Usage de stupéfiants,Mis en cause,88.0,2.1764939,diff,40432,2022,31682,2021,,
75106,2022,Usage de stupéfiants (AFD),Mis en cause,17.0,0.420459,diff,40432,2022,31682,2021,,
75106,2022,Trafic de stupéfiants,Mis en cause,93.0,2.3001583,diff,40432,2022,31682,2021,,
75106,2022,Escroqueries et fraudes aux moyens de paiement,Victime,756.0,18.6980609,diff,40432,2022,31682,2021,,
75107,2022,Violences physiques intrafamiliales,Victime,105.0,2.178604,diff,48196,2022,39397,2021,,
75107,2022,Violences physiques hors cadre familial,Victime,250.0,5.1871525,diff,48196,2022,39397,2021,,
75107,2022,Violences sexuelles,Victime,139.0,2.8840568,diff,48196,2022,39397,2021,,
75107,2022,Vols avec armes,Infraction,,,ndiff,48196,2022,39397,2021,"7,3333333","0,2017220"
75107,2022,Vols violents sans arme,Infraction,257.0,5.3323927,diff,48196,2022,39397,2021,,
75107,2022,Vols sans violence contre des personnes,Victime entendue,3763.0,78.0770188,diff,48196,2022,39397,2021,,
75107,2022,Cambriolages de logement,Infraction,388.0,9.8483571,diff,48196,2022,39397,2021,,
75107,2022,Vols de véhicule,Véhicule,143.0,2.9670512,diff,48196,2022,39397,2021,,
75107,2022,Vols dans les véhicules,Véhicule,436.0,9.0463939,diff,48196,2022,39397,2021,,
75107,2022,Vols d'accessoires sur véhicules,Véhicule,87.0,1.8051291,diff,48196,2022,39397,2021,,
75107,2022,Destructions et dégradations volontaires,Infraction,564.0,11.702216,diff,48196,2022,39397,2021,,
75107,2022,Usage de stupéfiants,Mis en cause,173.0,3.5895095,diff,48196,2022,39397,2021,,
75107,2022,Usage de stupéfiants (AFD),Mis en cause,97.0,2.0126152,diff,48196,2022,39397,2021,,
75107,2022,Trafic de stupéfiants,Mis en cause,38.0,0.7884472,diff,48196,2022,39397,2021,,
75107,2022,Escroqueries et fraudes aux moyens de paiement,Victime,825.0,17.1176031,diff,48196,2022,39397,2021,,
75108,2022,Violences physiques intrafamiliales,Victime,127.0,3.5857474,diff,35418,2022,27402,2021,,
75108,2022,Violences physiques hors cadre familial,Victime,559.0,15.7829352,diff,35418,2022,27402,2021,,
75108,2022,Violences sexuelles,Victime,217.0,6.1268282,diff,35418,2022,27402,2021,,
75108,2022,Vols avec armes,Infraction,14.0,0.3952792,diff,35418,2022,27402,2021,,
75108,2022,Vols violents sans arme,Infraction,601.0,16.9687729,diff,35418,2022,27402,2021,,
75108,2022,Vols sans violence contre des personnes,Victime entendue,7524.0,212.4343554,diff,35418,2022,27402,2021,,
75108,2022,Cambriolages de logement,Infraction,342.0,12.4810279,diff,35418,2022,27402,2021,,
75108,2022,Vols de véhicule,Véhicule,269.0,7.5950082,diff,35418,2022,27402,2021,,
75108,2022,Vols dans les véhicules,Véhicule,1048.0,29.5894743,diff,35418,2022,27402,2021,,
75108,2022,Vols d'accessoires sur véhicules,Véhicule,140.0,3.9527924,diff,35418,2022,27402,2021,,
75108,2022,Destructions et dégradations volontaires,Infraction,841.0,23.7449884,diff,35418,2022,27402,2021,,
75108,2022,Usage de stupéfiants,Mis en cause,1234.0,34.8410413,diff,35418,2022,27402,2021,,
75108,2022,Usage de stupéfiants (AFD),Mis en cause,1006.0,28.4036366,diff,35418,2022,27402,2021,,
75108,2022,Trafic de stupéfiants,Mis en cause,78.0,2.20227,diff,35418,2022,27402,2021,,
75108,2022,Escroqueries et fraudes aux moyens de paiement,Victime,1072.0,30.2670958,diff,35418,2022,27402,2021,,
75109,2022,Violences physiques intrafamiliales,Victime,151.0,2.5847755,diff,58419,2022,40905,2021,,
75109,2022,Violences physiques hors cadre familial,Victime,385.0,6.5903216,diff,58419,2022,40905,2021,,
75109,2022,Violences sexuelles,Victime,200.0,3.4235437,diff,58419,2022,40905,2021,,
75109,2022,Vols avec armes,Infraction,29.0,0.4964138,diff,58419,2022,40905,2021,,
75109,2022,Vols violents sans arme,Infraction,552.0,9.4489806,diff,58419,2022,40905,2021,,
75109,2022,Vols sans violence contre des personnes,Victime entendue,6760.0,115.7157774,diff,58419,2022,40905,2021,,
75109,2022,Cambriolages de logement,Infraction,382.0,9.3386091,diff,58419,2022,40905,2021,,
75109,2022,Vols de véhicule,Véhicule,220.0,3.7658981,diff,58419,2022,40905,2021,,
75109,2022,Vols dans les véhicules,Véhicule,918.0,15.7140656,diff,58419,2022,40905,2021,,
75109,2022,Vols d'accessoires sur véhicules,Véhicule,121.0,2.0712439,diff,58419,2022,40905,2021,,
75109,2022,Destructions et dégradations volontaires,Infraction,855.0,14.6356494,diff,58419,2022,40905,2021,,
75109,2022,Usage de stupéfiants,Mis en cause,527.0,9.0210377,diff,58419,2022,40905,2021,,
75109,2022,Usage de stupéfiants (AFD),Mis en cause,275.0,4.7073726,diff,58419,2022,40905,2021,,
75109,2022,Trafic de stupéfiants,Mis en cause,268.0,4.5875486,diff,58419,2022,40905,2021,,
75109,2022,Escroqueries et fraudes aux moyens de paiement,Victime,1444.0,24.7179856,diff,58419,2022,40905,2021,,
75110,2022,Violences physiques intrafamiliales,Victime,311.0,3.7961087,diff,81926,2022,59900,2021,,
75110,2022,Violences physiques hors cadre familial,Victime,740.0,9.0325416,diff,81926,2022,59900,2021,,
75110,2022,Violences sexuelles,Victime,315.0,3.8449332,diff,81926,2022,59900,2021,,
75110,2022,Vols avec armes,Infraction,33.0,0.4028025,diff,81926,2022,59900,2021,,
75110,2022,Vols violents sans arme,Infraction,1099.0,13.4145448,diff,81926,2022,59900,2021,,
75110,2022,Vols sans violence contre des personnes,Victime entendue,9149.0,111.6739497,diff,81926,2022,59900,2021,,
75110,2022,Cambriolages de logement,Infraction,408.0,6.8113176,diff,81926,2022,59900,2021,,
75110,2022,Vols de véhicule,Véhicule,290.0,3.5397798,diff,81926,2022,59900,2021,,
75110,2022,Vols dans les véhicules,Véhicule,864.0,10.5461026,diff,81926,2022,59900,2021,,
75110,2022,Vols d'accessoires sur véhicules,Véhicule,109.0,1.330469,diff,81926,2022,59900,2021,,
75110,2022,Destructions et dégradations volontaires,Infraction,1121.0,13.6830799,diff,81926,2022,59900,2021,,
75110,2022,Usage de stupéfiants,Mis en cause,1420.0,17.3327149,diff,81926,2022,59900,2021,,
75110,2022,Usage de stupéfiants (AFD),Mis en cause,818.0,9.9846203,diff,81926,2022,59900,2021,,
75110,2022,Trafic de stupéfiants,Mis en cause,411.0,5.0167224,diff,81926,2022,59900,2021,,
75110,2022,Escroqueries et fraudes aux moyens de paiement,Victime,1204.0,14.6961892,diff,81926,2022,59900,2021,,
75111,2022,Violences physiques intrafamiliales,Victime,395.0,2.8217712,diff,139983,2022,101305,2021,,
75111,2022,Violences physiques hors cadre familial,Victime,694.0,4.9577449,diff,139983,2022,101305,2021,,
75111,2022,Violences sexuelles,Victime,357.0,2.5503097,diff,139983,2022,101305,2021,,
75111,2022,Vols avec armes,Infraction,21.0,0.1500182,diff,139983,2022,101305,2021,,
75111,2022,Vols violents sans arme,Infraction,749.0,5.3506497,diff,139983,2022,101305,2021,,
75111,2022,Vols sans violence contre des personnes,Victime entendue,6368.0,45.4912382,diff,139983,2022,101305,2021,,
75111,2022,Cambriolages de logement,Infraction,584.0,5.7647974,diff,139983,2022,101305,2021,,
75111,2022,Vols de véhicule,Véhicule,440.0,3.1432388,diff,139983,2022,101305,2021,,
75111,2022,Vols dans les véhicules,Véhicule,625.0,4.4648279,diff,139983,2022,101305,2021,,
75111,2022,Vols d'accessoires sur véhicules,Véhicule,164.0,1.1715708,diff,139983,2022,101305,2021,,
75111,2022,Destructions et dégradations volontaires,Infraction,1557.0,11.1227792,diff,139983,2022,101305,2021,,
75111,2022,Usage de stupéfiants,Mis en cause,506.0,3.6147246,diff,139983,2022,101305,2021,,
75111,2022,Usage de stupéfiants (AFD),Mis en cause,249.0,1.7787874,diff,139983,2022,101305,2021,,
75111,2022,Trafic de stupéfiants,Mis en cause,178.0,1.271583,diff,139983,2022,101305,2021,,
75111,2022,Escroqueries et fraudes aux moyens de paiement,Victime,2066.0,14.758935,diff,139983,2022,101305,2021,,
75112,2022,Violences physiques intrafamiliales,Victime,353.0,2.5252525,diff,139788,2022,88078,2021,,
75112,2022,Violences physiques hors cadre familial,Victime,899.0,6.4311672,diff,139788,2022,88078,2021,,
75112,2022,Violences sexuelles,Victime,374.0,2.67548,diff,139788,2022,88078,2021,,
75112,2022,Vols avec armes,Infraction,58.0,0.414914,diff,139788,2022,88078,2021,,
75112,2022,Vols violents sans arme,Infraction,736.0,5.2651157,diff,139788,2022,88078,2021,,
75112,2022,Vols sans violence contre des personnes,Victime entendue,8218.0,58.7890234,diff,139788,2022,88078,2021,,
75112,2022,Cambriolages de logement,Infraction,538.0,6.108217,diff,139788,2022,88078,2021,,
75112,2022,Vols de véhicule,Véhicule,475.0,3.3980027,diff,139788,2022,88078,2021,,
75112,2022,Vols dans les véhicules,Véhicule,995.0,7.1179214,diff,139788,2022,88078,2021,,
75112,2022,Vols d'accessoires sur véhicules,Véhicule,211.0,1.5094286,diff,139788,2022,88078,2021,,
75112,2022,Destructions et dégradations volontaires,Infraction,1453.0,10.3943114,diff,139788,2022,88078,2021,,
75112,2022,Usage de stupéfiants,Mis en cause,1989.0,14.2286892,diff,139788,2022,88078,2021,,
75112,2022,Usage de stupéfiants (AFD),Mis en cause,1551.0,11.095373,diff,139788,2022,88078,2021,,
75112,2022,Trafic de stupéfiants,Mis en cause,157.0,1.1231293,diff,139788,2022,88078,2021,,
75112,2022,Escroqueries et fraudes aux moyens de paiement,Victime,1360.0,9.7290182,diff,139788,2022,88078,2021,,
75113,2022,Violences physiques intrafamiliales,Victime,516.0,2.9031986,diff,177735,2022,106903,2021,,
75113,2022,Violences physiques hors cadre familial,Victime,734.0,4.1297437,diff,177735,2022,106903,2021,,
75113,2022,Violences sexuelles,Victime,398.0,2.2392888,diff,177735,2022,106903,2021,,
75113,2022,Vols avec armes,Infraction,15.0,0.0843953,diff,177735,2022,106903,2021,,
75113,2022,Vols violents sans arme,Infraction,616.0,3.465834,diff,177735,2022,106903,2021,,
75113,2022,Vols sans violence contre des personnes,Victime entendue,7154.0,40.2509354,diff,177735,2022,106903,2021,,
75113,2022,Cambriolages de logement,Infraction,726.0,6.7912061,diff,177735,2022,106903,2021,,
75113,2022,Vols de véhicule,Véhicule,385.0,2.1661462,diff,177735,2022,106903,2021,,
75113,2022,Vols dans les véhicules,Véhicule,910.0,5.119982,diff,177735,2022,106903,2021,,
75113,2022,Vols d'accessoires sur véhicules,Véhicule,149.0,0.8383267,diff,177735,2022,106903,2021,,
75113,2022,Destructions et dégradations volontaires,Infraction,1409.0,7.9275326,diff,177735,2022,106903,2021,,
75113,2022,Usage de stupéfiants,Mis en cause,1519.0,8.5464315,diff,177735,2022,106903,2021,,
75113,2022,Usage de stupéfiants (AFD),Mis en cause,1033.0,5.8120235,diff,177735,2022,106903,2021,,
75113,2022,Trafic de stupéfiants,Mis en cause,207.0,1.1646552,diff,177735,2022,106903,2021,,
75113,2022,Escroqueries et fraudes aux moyens de paiement,Victime,1754.0,9.8686246,diff,177735,2022,106903,2021,,
75114,2022,Violences physiques intrafamiliales,Victime,282.0,2.0497016,diff,137581,2022,85738,2021,,
75114,2022,Violences physiques hors cadre familial,Victime,492.0,3.5760752,diff,137581,2022,85738,2021,,
75114,2022,Violences sexuelles,Victime,257.0,1.8679905,diff,137581,2022,85738,2021,,
75114,2022,Vols avec armes,Infraction,23.0,0.1671742,diff,137581,2022,85738,2021,,
75114,2022,Vols violents sans arme,Infraction,353.0,2.5657613,diff,137581,2022,85738,2021,,
75114,2022,Vols sans violence contre des personnes,Victime entendue,5593.0,40.6524157,diff,137581,2022,85738,2021,,
75114,2022,Cambriolages de logement,Infraction,626.0,7.3012753,diff,137581,2022,85738,2021,,
75114,2022,Vols de véhicule,Véhicule,284.0,2.0642385,diff,137581,2022,85738,2021,,
75114,2022,Vols dans les véhicules,Véhicule,539.0,3.9176921,diff,137581,2022,85738,2021,,
75114,2022,Vols d'accessoires sur véhicules,Véhicule,110.0,0.799529,diff,137581,2022,85738,2021,,
75114,2022,Destructions et dégradations volontaires,Infraction,1091.0,7.929874,diff,137581,2022,85738,2021,,
75114,2022,Usage de stupéfiants,Mis en cause,454.0,3.2998743,diff,137581,2022,85738,2021,,
75114,2022,Usage de stupéfiants (AFD),Mis en cause,161.0,1.1702197,diff,137581,2022,85738,2021,,
75114,2022,Trafic de stupéfiants,Mis en cause,171.0,1.2429042,diff,137581,2022,85738,2021,,
75114,2022,Escroqueries et fraudes aux moyens de paiement,Victime,1737.0,12.6252898,diff,137581,2022,85738,2021,,
75115,2022,Violences physiques intrafamiliales,Victime,522.0,2.2819273,diff,228754,2022,152003,2021,,
75115,2022,Violences physiques hors cadre familial,Victime,683.0,2.9857401,diff,228754,2022,152003,2021,,
75115,2022,Violences sexuelles,Victime,393.0,1.7180027,diff,228754,2022,152003,2021,,
75115,2022,Vols avec armes,Infraction,36.0,0.1573743,diff,228754,2022,152003,2021,,
75115,2022,Vols violents sans arme,Infraction,661.0,2.889567,diff,228754,2022,152003,2021,,
75115,2022,Vols sans violence contre des personnes,Victime entendue,7359.0,32.1699293,diff,228754,2022,152003,2021,,
75115,2022,Cambriolages de logement,Infraction,1359.0,8.9405968,diff,228754,2022,152003,2021,,
75115,2022,Vols de véhicule,Véhicule,601.0,2.6272765,diff,228754,2022,152003,2021,,
75115,2022,Vols dans les véhicules,Véhicule,968.0,4.23162,diff,228754,2022,152003,2021,,
75115,2022,Vols d'accessoires sur véhicules,Véhicule,240.0,1.049162,diff,228754,2022,152003,2021,,
75115,2022,Destructions et dégradations volontaires,Infraction,1374.0,6.0064523,diff,228754,2022,152003,2021,,
75115,2022,Usage de stupéfiants,Mis en cause,1138.0,4.9747764,diff,228754,2022,152003,2021,,
75115,2022,Usage de stupéfiants (AFD),Mis en cause,713.0,3.1168854,diff,228754,2022,152003,2021,,
75115,2022,Trafic de stupéfiants,Mis en cause,272.0,1.1890502,diff,228754,2022,152003,2021,,
75115,2022,Escroqueries et fraudes aux moyens de paiement,Victime,2794.0,12.2139941,diff,228754,2022,152003,2021,,
75116,2022,Violences physiques intrafamiliales,Victime,361.0,2.2600214,diff,159733,2022,102810,2021,,
75116,2022,Violences physiques hors cadre familial,Victime,617.0,3.8626959,diff,159733,2022,102810,2021,,
75116,2022,Violences sexuelles,Victime,357.0,2.2349796,diff,159733,2022,102810,2021,,
75116,2022,Vols avec armes,Infraction,43.0,0.2691992,diff,159733,2022,102810,2021,,
75116,2022,Vols violents sans arme,Infraction,967.0,6.0538524,diff,159733,2022,102810,2021,,
75116,2022,Vols sans violence contre des personnes,Victime entendue,6536.0,40.9182824,diff,159733,2022,102810,2021,,
75116,2022,Cambriolages de logement,Infraction,926.0,9.0069449,diff,159733,2022,102810,2021,,
75116,2022,Vols de véhicule,Véhicule,666.0,4.1694578,diff,159733,2022,102810,2021,,
75116,2022,Vols dans les véhicules,Véhicule,2120.0,13.2721479,diff,159733,2022,102810,2021,,
75116,2022,Vols d'accessoires sur véhicules,Véhicule,269.0,1.6840603,diff,159733,2022,102810,2021,,
75116,2022,Destructions et dégradations volontaires,Infraction,1723.0,10.7867504,diff,159733,2022,102810,2021,,
75116,2022,Usage de stupéfiants,Mis en cause,436.0,2.7295549,diff,159733,2022,102810,2021,,
75116,2022,Usage de stupéfiants (AFD),Mis en cause,275.0,1.721623,diff,159733,2022,102810,2021,,
75116,2022,Trafic de stupéfiants,Mis en cause,87.0,0.5446589,diff,159733,2022,102810,2021,,
75116,2022,Escroqueries et fraudes aux moyens de paiement,Victime,1973.0,12.3518622,diff,159733,2022,102810,2021,,
75117,2022,Violences physiques intrafamiliales,Victime,359.0,2.2269643,diff,161206,2022,107439,2021,,
75117,2022,Violences physiques hors cadre familial,Victime,528.0,3.2753123,diff,161206,2022,107439,2021,,
75117,2022,Violences sexuelles,Victime,332.0,2.0594767,diff,161206,2022,107439,2021,,
75117,2022,Vols avec armes,Infraction,27.0,0.1674876,diff,161206,2022,107439,2021,,
75117,2022,Vols violents sans arme,Infraction,644.0,3.9948885,diff,161206,2022,107439,2021,,
75117,2022,Vols sans violence contre des personnes,Victime entendue,5390.0,33.4354801,diff,161206,2022,107439,2021,,
75117,2022,Cambriolages de logement,Infraction,784.0,7.297181,diff,161206,2022,107439,2021,,
75117,2022,Vols de véhicule,Véhicule,496.0,3.0768086,diff,161206,2022,107439,2021,,
75117,2022,Vols dans les véhicules,Véhicule,1190.0,7.3818592,diff,161206,2022,107439,2021,,
75117,2022,Vols d'accessoires sur véhicules,Véhicule,226.0,1.4019329,diff,161206,2022,107439,2021,,
75117,2022,Destructions et dégradations volontaires,Infraction,1503.0,9.3234743,diff,161206,2022,107439,2021,,
75117,2022,Usage de stupéfiants,Mis en cause,656.0,4.0693274,diff,161206,2022,107439,2021,,
75117,2022,Usage de stupéfiants (AFD),Mis en cause,415.0,2.5743459,diff,161206,2022,107439,2021,,
75117,2022,Trafic de stupéfiants,Mis en cause,198.0,1.2282421,diff,161206,2022,107439,2021,,
75117,2022,Escroqueries et fraudes aux moyens de paiement,Victime,1832.0,11.3643413,diff,161206,2022,107439,2021,,
75118,2022,Violences physiques intrafamiliales,Victime,472.0,2.5400242,diff,185825,2022,123804,2021,,
75118,2022,Violences physiques hors cadre familial,Victime,1168.0,6.2854837,diff,185825,2022,123804,2021,,
75118,2022,Violences sexuelles,Victime,419.0,2.2548096,diff,185825,2022,123804,2021,,
75118,2022,Vols avec armes,Infraction,99.0,0.5327593,diff,185825,2022,123804,2021,,
75118,2022,Vols violents sans arme,Infraction,1707.0,9.1860622,diff,185825,2022,123804,2021,,
75118,2022,Vols sans violence contre des personnes,Victime entendue,11717.0,63.0539486,diff,185825,2022,123804,2021,,
75118,2022,Cambriolages de logement,Infraction,1033.0,8.3438507,diff,185825,2022,123804,2021,,
75118,2022,Vols de véhicule,Véhicule,558.0,3.0028252,diff,185825,2022,123804,2021,,
75118,2022,Vols dans les véhicules,Véhicule,1529.0,8.2281717,diff,185825,2022,123804,2021,,
75118,2022,Vols d'accessoires sur véhicules,Véhicule,203.0,1.0924257,diff,185825,2022,123804,2021,,
75118,2022,Destructions et dégradations volontaires,Infraction,1793.0,9.6488632,diff,185825,2022,123804,2021,,
75118,2022,Usage de stupéfiants,Mis en cause,2481.0,13.3512714,diff,185825,2022,123804,2021,,
75118,2022,Usage de stupéfiants (AFD),Mis en cause,811.0,4.3643213,diff,185825,2022,123804,2021,,
75118,2022,Trafic de stupéfiants,Mis en cause,1087.0,5.8495897,diff,185825,2022,123804,2021,,
75118,2022,Escroqueries et fraudes aux moyens de paiement,Victime,1274.0,6.8559128,diff,185825,2022,123804,2021,,
75119,2022,Violences physiques intrafamiliales,Victime,669.0,3.7506097,diff,178371,2022,100649,2021,,
75119,2022,Violences physiques hors cadre familial,Victime,958.0,5.3708282,diff,178371,2022,100649,2021,,
75119,2022,Violences sexuelles,Victime,384.0,2.1528163,diff,178371,2022,100649,2021,,
75119,2022,Vols avec armes,Infraction,48.0,0.269102,diff,178371,2022,100649,2021,,
75119,2022,Vols violents sans arme,Infraction,1136.0,6.3687483,diff,178371,2022,100649,2021,,
75119,2022,Vols sans violence contre des personnes,Victime entendue,8462.0,47.4404472,diff,178371,2022,100649,2021,,
75119,2022,Cambriolages de logement,Infraction,843.0,8.3756692,diff,178371,2022,100649,2021,,
75119,2022,Vols de véhicule,Véhicule,398.0,2.2313044,diff,178371,2022,100649,2021,,
75119,2022,Vols dans les véhicules,Véhicule,1738.0,9.7437364,diff,178371,2022,100649,2021,,
75119,2022,Vols d'accessoires sur véhicules,Véhicule,155.0,0.8689753,diff,178371,2022,100649,2021,,
75119,2022,Destructions et dégradations volontaires,Infraction,1954.0,10.9546956,diff,178371,2022,100649,2021,,
75119,2022,Usage de stupéfiants,Mis en cause,1311.0,7.3498495,diff,178371,2022,100649,2021,,
75119,2022,Usage de stupéfiants (AFD),Mis en cause,345.0,1.9341709,diff,178371,2022,100649,2021,,
75119,2022,Trafic de stupéfiants,Mis en cause,551.0,3.0890672,diff,178371,2022,100649,2021,,
75119,2022,Escroqueries et fraudes aux moyens de paiement,Victime,1718.0,9.6316105,diff,178371,2022,100649,2021,,
75120,2022,Violences physiques intrafamiliales,Victime,523.0,2.7864503,diff,187694,2022,108352,2021,,
75120,2022,Violences physiques hors cadre familial,Victime,642.0,3.420461,diff,187694,2022,108352,2021,,
75120,2022,Violences sexuelles,Victime,304.0,1.6196575,diff,187694,2022,108352,2021,,
75120,2022,Vols avec armes,Infraction,29.0,0.1545068,diff,187694,2022,108352,2021,,
75120,2022,Vols violents sans arme,Infraction,536.0,2.855712,diff,187694,2022,108352,2021,,
75120,2022,Vols sans violence contre des personnes,Victime entendue,4207.0,22.4141422,diff,187694,2022,108352,2021,,
75120,2022,Cambriolages de logement,Infraction,807.0,7.4479679,diff,187694,2022,108352,2021,,
75120,2022,Vols de véhicule,Véhicule,405.0,2.1577674,diff,187694,2022,108352,2021,,
75120,2022,Vols dans les véhicules,Véhicule,674.0,3.5909512,diff,187694,2022,108352,2021,,
75120,2022,Vols d'accessoires sur véhicules,Véhicule,139.0,0.7405671,diff,187694,2022,108352,2021,,
75120,2022,Destructions et dégradations volontaires,Infraction,1541.0,8.2101719,diff,187694,2022,108352,2021,,
75120,2022,Usage de stupéfiants,Mis en cause,530.0,2.823745,diff,187694,2022,108352,2021,,
75120,2022,Usage de stupéfiants (AFD),Mis en cause,155.0,0.8258122,diff,187694,2022,108352,2021,,
75120,2022,Trafic de stupéfiants,Mis en cause,219.0,1.1667928,diff,187694,2022,108352,2021,,
75120,2022,Escroqueries et fraudes aux moyens de paiement,Victime,2155.0,11.4814539,diff,187694,2022,108352,2021,,
75101,2023,Violences physiques intrafamiliales,Victime,92.0,5.9450727,diff,15475,2022,13891,2021,,
75101,2023,Violences physiques hors cadre familial,Victime,368.0,23.7802908,diff,15475,2022,13891,2021,,
75101,2023,Violences sexuelles,Victime,166.0,10.726979,diff,15475,2022,13891,2021,,
75101,2023,Vols avec armes,Infraction,14.0,0.904685,diff,15475,2022,13891,2021,,
75101,2023,Vols violents sans arme,Infraction,459.0,29.6607431,diff,15475,2022,13891,2021,,
75101,2023,Vols sans violence contre des personnes,Victime entendue,6425.0,415.1857835,diff,15475,2022,13891,2021,,
75101,2023,Cambriolages de logement,Infraction,190.0,13.6779504,diff,15475,2022,13891,2021,,
75101,2023,Vols de véhicule,Véhicule,71.0,4.5880452,diff,15475,2022,13891,2021,,
75101,2023,Vols dans les véhicules,Véhicule,531.0,34.3134087,diff,15475,2022,13891,2021,,
75101,2023,Vols d'accessoires sur véhicules,Véhicule,56.0,3.6187399,diff,15475,2022,13891,2021,,
75101,2023,Destructions et dégradations volontaires,Infraction,397.0,25.6542811,diff,15475,2022,13891,2021,,
75101,2023,Usage de stupéfiants,Mis en cause,1008.0,65.1373183,diff,15475,2022,13891,2021,,
75101,2023,Usage de stupéfiants (AFD),Mis en cause,881.0,56.9305331,diff,15475,2022,13891,2021,,
75101,2023,Trafic de stupéfiants,Mis en cause,80.0,5.1696284,diff,15475,2022,13891,2021,,
75101,2023,Escroqueries et fraudes aux moyens de paiement,Victime,342.0,22.1001616,diff,15475,2022,13891,2021,,
75102,2023,Violences physiques intrafamiliales,Victime,68.0,3.3279499,diff,20433,2022,17345,2021,,
75102,2023,Violences physiques hors cadre familial,Victime,154.0,7.5368277,diff,20433,2022,17345,2021,,
75102,2023,Violences sexuelles,Victime,86.0,4.2088778,diff,20433,2022,17345,2021,,
75102,2023,Vols avec armes,Infraction,,,ndiff,20433,2022,17345,2021,"6,3333333","0,1742144"
75102,2023,Vols violents sans arme,Infraction,199.0,9.7391475,diff,20433,2022,17345,2021,,
75102,2023,Vols sans violence contre des personnes,Victime entendue,2992.0,146.4297949,diff,20433,2022,17345,2021,,
75102,2023,Cambriolages de logement,Infraction,250.0,14.4136426,diff,20433,2022,17345,2021,,
75102,2023,Vols de véhicule,Véhicule,101.0,4.9429844,diff,20433,2022,17345,2021,,
75102,2023,Vols dans les véhicules,Véhicule,385.0,18.8420692,diff,20433,2022,17345,2021,,
75102,2023,Vols d'accessoires sur véhicules,Véhicule,57.0,2.7896051,diff,20433,2022,17345,2021,,
75102,2023,Destructions et dégradations volontaires,Infraction,423.0,20.7018059,diff,20433,2022,17345,2021,,
75102,2023,Usage de stupéfiants,Mis en cause,238.0,11.6478246,diff,20433,2022,17345,2021,,
75102,2023,Usage de stupéfiants (AFD),Mis en cause,137.0,6.7048402,diff,20433,2022,17345,2021,,
75102,2023,Trafic de stupéfiants,Mis en cause,118.0,5.7749719,diff,20433,2022,17345,2021,,
75102,2023,Escroqueries et fraudes aux moyens de paiement,Victime,384.0,18.7931288,diff,20433,2022,17345,2021,,
75103,2023,Violences physiques intrafamiliales,Victime,105.0,3.2039546,diff,32772,2022,26325,2021,,
75103,2023,Violences physiques hors cadre familial,Victime,194.0,5.9196875,diff,32772,2022,26325,2021,,
75103,2023,Violences sexuelles,Victime,88.0,2.6852191,diff,32772,2022,26325,2021,,
75103,2023,Vols avec armes,Infraction,6.0,0.1830831,diff,32772,2022,26325,2021,,
75103,2023,Vols violents sans arme,Infraction,182.0,5.5535213,diff,32772,2022,26325,2021,,
75103,2023,Vols sans violence contre des personnes,Victime entendue,2204.0,67.2525326,diff,32772,2022,26325,2021,,
75103,2023,Cambriolages de logement,Infraction,341.0,12.9535679,diff,32772,2022,26325,2021,,
75103,2023,Vols de véhicule,Véhicule,80.0,2.4411083,diff,32772,2022,26325,2021,,
75103,2023,Vols dans les véhicules,Véhicule,353.0,10.7713902,diff,32772,2022,26325,2021,,
75103,2023,Vols d'accessoires sur véhicules,Véhicule,43.0,1.3120957,diff,32772,2022,26325,2021,,
75103,2023,Destructions et dégradations volontaires,Infraction,539.0,16.4469669,diff,32772,2022,26325,2021,,
75103,2023,Usage de stupéfiants,Mis en cause,279.0,8.5133651,diff,32772,2022,26325,2021,,
75103,2023,Usage de stupéfiants (AFD),Mis en cause,183.0,5.5840352,diff,32772,2022,26325,2021,,
75103,2023,Trafic de stupéfiants,Mis en cause,104.0,3.1734407,diff,32772,2022,26325,2021,,
75103,2023,Escroqueries et fraudes aux moyens de paiement,Victime,506.0,15.4400098,diff,32772,2022,26325,2021,,
75104,2023,Violences physiques intrafamiliales,Victime,119.0,4.2440886,diff,28039,2022,22923,2021,,
75104,2023,Violences physiques hors cadre familial,Victime,260.0,9.2727986,diff,28039,2022,22923,2021,,
75104,2023,Violences sexuelles,Victime,100.0,3.566461,diff,28039,2022,22923,2021,,
75104,2023,Vols avec armes,Infraction,9.0,0.3209815,diff,28039,2022,22923,2021,,
75104,2023,Vols violents sans arme,Infraction,212.0,7.5608973,diff,28039,2022,22923,2021,,
75104,2023,Vols sans violence contre des personnes,Victime entendue,3002.0,107.0651592,diff,28039,2022,22923,2021,,
75104,2023,Cambriolages de logement,Infraction,257.0,11.2112968,diff,28039,2022,22923,2021,,
75104,2023,Vols de véhicule,Véhicule,68.0,2.4251935,diff,28039,2022,22923,2021,,
75104,2023,Vols dans les véhicules,Véhicule,288.0,10.2714077,diff,28039,2022,22923,2021,,
75104,2023,Vols d'accessoires sur véhicules,Véhicule,36.0,1.283926,diff,28039,2022,22923,2021,,
75104,2023,Destructions et dégradations volontaires,Infraction,452.0,16.1204037,diff,28039,2022,22923,2021,,
75104,2023,Usage de stupéfiants,Mis en cause,304.0,10.8420414,diff,28039,2022,22923,2021,,
75104,2023,Usage de stupéfiants (AFD),Mis en cause,233.0,8.3098541,diff,28039,2022,22923,2021,,
75104,2023,Trafic de stupéfiants,Mis en cause,75.0,2.6748458,diff,28039,2022,22923,2021,,
75104,2023,Escroqueries et fraudes aux moyens de paiement,Victime,413.0,14.7294839,diff,28039,2022,22923,2021,,
75105,2023,Violences physiques intrafamiliales,Victime,116.0,2.0742065,diff,55925,2022,39903,2021,,
75105,2023,Violences physiques hors cadre familial,Victime,224.0,4.0053643,diff,55925,2022,39903,2021,,
75105,2023,Violences sexuelles,Victime,132.0,2.360304,diff,55925,2022,39903,2021,,
75105,2023,Vols avec armes,Infraction,6.0,0.1072865,diff,55925,2022,39903,2021,,
75105,2023,Vols violents sans arme,Infraction,142.0,2.5391149,diff,55925,2022,39903,2021,,
75105,2023,Vols sans violence contre des personnes,Victime entendue,3125.0,55.8784086,diff,55925,2022,39903,2021,,
75105,2023,Cambriolages de logement,Infraction,417.0,10.4503752,diff,55925,2022,39903,2021,,
75105,2023,Vols de véhicule,Véhicule,94.0,1.6808225,diff,55925,2022,39903,2021,,
75105,2023,Vols dans les véhicules,Véhicule,302.0,5.4000894,diff,55925,2022,39903,2021,,
75105,2023,Vols d'accessoires sur véhicules,Véhicule,26.0,0.4649084,diff,55925,2022,39903,2021,,
75105,2023,Destructions et dégradations volontaires,Infraction,471.0,8.4219937,diff,55925,2022,39903,2021,,
75105,2023,Usage de stupéfiants,Mis en cause,156.0,2.7894502,diff,55925,2022,39903,2021,,
75105,2023,Usage de stupéfiants (AFD),Mis en cause,110.0,1.96692,diff,55925,2022,39903,2021,,
75105,2023,Trafic de stupéfiants,Mis en cause,84.0,1.5020116,diff,55925,2022,39903,2021,,
75105,2023,Escroqueries et fraudes aux moyens de paiement,Victime,740.0,13.2320072,diff,55925,2022,39903,2021,,
75106,2023,Violences physiques intrafamiliales,Victime,82.0,2.0280966,diff,40432,2022,31682,2021,,
75106,2023,Violences physiques hors cadre familial,Victime,179.0,4.4271864,diff,40432,2022,31682,2021,,
75106,2023,Violences sexuelles,Victime,94.0,2.3248912,diff,40432,2022,31682,2021,,
75106,2023,Vols avec armes,Infraction,,,ndiff,40432,2022,31682,2021,"6,3333333","0,1742144"
75106,2023,Vols violents sans arme,Infraction,147.0,3.6357341,diff,40432,2022,31682,2021,,
75106,2023,Vols sans violence contre des personnes,Victime entendue,2936.0,72.6157499,diff,40432,2022,31682,2021,,
75106,2023,Cambriolages de logement,Infraction,408.0,12.8779589,diff,40432,2022,31682,2021,,
75106,2023,Vols de véhicule,Véhicule,95.0,2.3496241,diff,40432,2022,31682,2021,,
75106,2023,Vols dans les véhicules,Véhicule,404.0,9.9920855,diff,40432,2022,31682,2021,,
75106,2023,Vols d'accessoires sur véhicules,Véhicule,53.0,1.3108429,diff,40432,2022,31682,2021,,
75106,2023,Destructions et dégradations volontaires,Infraction,389.0,9.6210922,diff,40432,2022,31682,2021,,
75106,2023,Usage de stupéfiants,Mis en cause,124.0,3.0668777,diff,40432,2022,31682,2021,,
75106,2023,Usage de stupéfiants (AFD),Mis en cause,52.0,1.28611,diff,40432,2022,31682,2021,,
75106,2023,Trafic de stupéfiants,Mis en cause,101.0,2.4980214,diff,40432,2022,31682,2021,,
75106,2023,Escroqueries et fraudes aux moyens de paiement,Victime,627.0,15.5075188,diff,40432,2022,31682,2021,,
75107,2023,Violences physiques intrafamiliales,Victime,143.0,2.9670512,diff,48196,2022,39397,2021,,
75107,2023,Violences physiques hors cadre familial,Victime,307.0,6.3698232,diff,48196,2022,39397,2021,,
75107,2023,Violences sexuelles,Victime,126.0,2.6143248,diff,48196,2022,39397,2021,,
75107,2023,Vols avec armes,Infraction,,,ndiff,48196,2022,39397,2021,"6,3333333","0,1742144"
75107,2023,Vols violents sans arme,Infraction,197.0,4.0874761,diff,48196,2022,39397,2021,,
75107,2023,Vols sans violence contre des personnes,Victime entendue,3222.0,66.8520209,diff,48196,2022,39397,2021,,
75107,2023,Cambriolages de logement,Infraction,451.0,11.447446,diff,48196,2022,39397,2021,,
75107,2023,Vols de véhicule,Véhicule,135.0,2.8010623,diff,48196,2022,39397,2021,,
75107,2023,Vols dans les véhicules,Véhicule,384.0,7.9674662,diff,48196,2022,39397,2021,,
75107,2023,Vols d'accessoires sur véhicules,Véhicule,51.0,1.0581791,diff,48196,2022,39397,2021,,
75107,2023,Destructions et dégradations volontaires,Infraction,503.0,10.4365508,diff,48196,2022,39397,2021,,
75107,2023,Usage de stupéfiants,Mis en cause,383.0,7.9467176,diff,48196,2022,39397,2021,,
75107,2023,Usage de stupéfiants (AFD),Mis en cause,277.0,5.7473649,diff,48196,2022,39397,2021,,
75107,2023,Trafic de stupéfiants,Mis en cause,64.0,1.327911,diff,48196,2022,39397,2021,,
75107,2023,Escroqueries et fraudes aux moyens de paiement,Victime,774.0,16.059424,diff,48196,2022,39397,2021,,
75108,2023,Violences physiques intrafamiliales,Victime,125.0,3.5292789,diff,35418,2022,27402,2021,,
75108,2023,Violences physiques hors cadre familial,Victime,455.0,12.8465752,diff,35418,2022,27402,2021,,
75108,2023,Violences sexuelles,Victime,255.0,7.199729,diff,35418,2022,27402,2021,,
75108,2023,Vols avec armes,Infraction,23.0,0.6493873,diff,35418,2022,27402,2021,,
75108,2023,Vols violents sans arme,Infraction,413.0,11.6607375,diff,35418,2022,27402,2021,,
75108,2023,Vols sans violence contre des personnes,Victime entendue,6721.0,189.7622678,diff,35418,2022,27402,2021,,
75108,2023,Cambriolages de logement,Infraction,382.0,13.9407972,diff,35418,2022,27402,2021,,
75108,2023,Vols de véhicule,Véhicule,234.0,6.6068101,diff,35418,2022,27402,2021,,
75108,2023,Vols dans les véhicules,Véhicule,875.0,24.7049523,diff,35418,2022,27402,2021,,
75108,2023,Vols d'accessoires sur véhicules,Véhicule,124.0,3.5010447,diff,35418,2022,27402,2021,,
75108,2023,Destructions et dégradations volontaires,Infraction,723.0,20.4133491,diff,35418,2022,27402,2021,,
75108,2023,Usage de stupéfiants,Mis en cause,1920.0,54.2097239,diff,35418,2022,27402,2021,,
75108,2023,Usage de stupéfiants (AFD),Mis en cause,1711.0,48.3087696,diff,35418,2022,27402,2021,,
75108,2023,Trafic de stupéfiants,Mis en cause,164.0,4.6304139,diff,35418,2022,27402,2021,,
75108,2023,Escroqueries et fraudes aux moyens de paiement,Victime,876.0,24.7331865,diff,35418,2022,27402,2021,,
75109,2023,Violences physiques intrafamiliales,Victime,144.0,2.4649515,diff,58419,2022,40905,2021,,
75109,2023,Violences physiques hors cadre familial,Victime,336.0,5.7515534,diff,58419,2022,40905,2021,,
75109,2023,Violences sexuelles,Victime,183.0,3.1325425,diff,58419,2022,40905,2021,,
75109,2023,Vols avec armes,Infraction,19.0,0.3252367,diff,58419,2022,40905,2021,,
75109,2023,Vols violents sans arme,Infraction,429.0,7.3435013,diff,58419,2022,40905,2021,,
75109,2023,Vols sans violence contre des personnes,Victime entendue,6309.0,107.9956863,diff,58419,2022,40905,2021,,
75109,2023,Cambriolages de logement,Infraction,401.0,9.8030948,diff,58419,2022,40905,2021,,
75109,2023,Vols de véhicule,Véhicule,162.0,2.7730704,diff,58419,2022,40905,2021,,
75109,2023,Vols dans les véhicules,Véhicule,684.0,11.7085195,diff,58419,2022,40905,2021,,
75109,2023,Vols d'accessoires sur véhicules,Véhicule,87.0,1.4892415,diff,58419,2022,40905,2021,,
75109,2023,Destructions et dégradations volontaires,Infraction,838.0,14.3446481,diff,58419,2022,40905,2021,,
75109,2023,Usage de stupéfiants,Mis en cause,1315.0,22.5097999,diff,58419,2022,40905,2021,,
75109,2023,Usage de stupéfiants (AFD),Mis en cause,1043.0,17.8537804,diff,58419,2022,40905,2021,,
75109,2023,Trafic de stupéfiants,Mis en cause,259.0,4.4334891,diff,58419,2022,40905,2021,,
75109,2023,Escroqueries et fraudes aux moyens de paiement,Victime,1058.0,18.1105462,diff,58419,2022,40905,2021,,
75110,2023,Violences physiques intrafamiliales,Victime,325.0,3.9669946,diff,81926,2022,59900,2021,,
75110,2023,Violences physiques hors cadre familial,Victime,923.0,11.2662647,diff,81926,2022,59900,2021,,
75110,2023,Violences sexuelles,Victime,374.0,4.5650953,diff,81926,2022,59900,2021,,
75110,2023,Vols avec armes,Infraction,34.0,0.4150087,diff,81926,2022,59900,2021,,
75110,2023,Vols violents sans arme,Infraction,1049.0,12.804238,diff,81926,2022,59900,2021,,
75110,2023,Vols sans violence contre des personnes,Victime entendue,9732.0,118.7901277,diff,81926,2022,59900,2021,,
75110,2023,Cambriolages de logement,Infraction,416.0,6.9448728,diff,81926,2022,59900,2021,,
75110,2023,Vols de véhicule,Véhicule,214.0,2.6121134,diff,81926,2022,59900,2021,,
75110,2023,Vols dans les véhicules,Véhicule,843.0,10.2897737,diff,81926,2022,59900,2021,,
75110,2023,Vols d'accessoires sur véhicules,Véhicule,90.0,1.0985524,diff,81926,2022,59900,2021,,
75110,2023,Destructions et dégradations volontaires,Infraction,1178.0,14.3788297,diff,81926,2022,59900,2021,,
75110,2023,Usage de stupéfiants,Mis en cause,2277.0,27.7933745,diff,81926,2022,59900,2021,,
75110,2023,Usage de stupéfiants (AFD),Mis en cause,1683.0,20.542929,diff,81926,2022,59900,2021,,
75110,2023,Trafic de stupéfiants,Mis en cause,404.0,4.9312794,diff,81926,2022,59900,2021,,
75110,2023,Escroqueries et fraudes aux moyens de paiement,Victime,1135.0,13.8539658,diff,81926,2022,59900,2021,,
75111,2023,Violences physiques intrafamiliales,Victime,379.0,2.7074716,diff,139983,2022,101305,2021,,
75111,2023,Violences physiques hors cadre familial,Victime,566.0,4.0433481,diff,139983,2022,101305,2021,,
75111,2023,Violences sexuelles,Victime,312.0,2.2288421,diff,139983,2022,101305,2021,,
75111,2023,Vols avec armes,Infraction,24.0,0.1714494,diff,139983,2022,101305,2021,,
75111,2023,Vols violents sans arme,Infraction,486.0,3.4718502,diff,139983,2022,101305,2021,,
75111,2023,Vols sans violence contre des personnes,Victime entendue,5701.0,40.7263739,diff,139983,2022,101305,2021,,
75111,2023,Cambriolages de logement,Infraction,603.0,5.9523507,diff,139983,2022,101305,2021,,
75111,2023,Vols de véhicule,Véhicule,282.0,2.0145303,diff,139983,2022,101305,2021,,
75111,2023,Vols dans les véhicules,Véhicule,617.0,4.4076781,diff,139983,2022,101305,2021,,
75111,2023,Vols d'accessoires sur véhicules,Véhicule,147.0,1.0501275,diff,139983,2022,101305,2021,,
75111,2023,Destructions et dégradations volontaires,Infraction,1596.0,11.4013845,diff,139983,2022,101305,2021,,
75111,2023,Usage de stupéfiants,Mis en cause,555.0,3.9647672,diff,139983,2022,101305,2021,,
75111,2023,Usage de stupéfiants (AFD),Mis en cause,286.0,2.0431052,diff,139983,2022,101305,2021,,
75111,2023,Trafic de stupéfiants,Mis en cause,173.0,1.2358644,diff,139983,2022,101305,2021,,
75111,2023,Escroqueries et fraudes aux moyens de paiement,Victime,2066.0,14.758935,diff,139983,2022,101305,2021,,
75112,2023,Violences physiques intrafamiliales,Victime,400.0,2.8614759,diff,139788,2022,88078,2021,,
75112,2023,Violences physiques hors cadre familial,Victime,859.0,6.1450196,diff,139788,2022,88078,2021,,
75112,2023,Violences sexuelles,Victime,414.0,2.9616276,diff,139788,2022,88078,2021,,
75112,2023,Vols avec armes,Infraction,32.0,0.2289181,diff,139788,2022,88078,2021,,
75112,2023,Vols violents sans arme,Infraction,580.0,4.1491401,diff,139788,2022,88078,2021,,
75112,2023,Vols sans violence contre des personnes,Victime entendue,7834.0,56.0420065,diff,139788,2022,88078,2021,,
75112,2023,Cambriolages de logement,Infraction,522.0,5.92656,diff,139788,2022,88078,2021,,
75112,2023,Vols de véhicule,Véhicule,379.0,2.7112485,diff,139788,2022,88078,2021,,
75112,2023,Vols dans les véhicules,Véhicule,986.0,7.0535382,diff,139788,2022,88078,2021,,
75112,2023,Vols d'accessoires sur véhicules,Véhicule,260.0,1.8599594,diff,139788,2022,88078,2021,,
75112,2023,Destructions et dégradations volontaires,Infraction,1284.0,9.1853378,diff,139788,2022,88078,2021,,
75112,2023,Usage de stupéfiants,Mis en cause,1844.0,13.1914041,diff,139788,2022,88078,2021,,
75112,2023,Usage de stupéfiants (AFD),Mis en cause,1563.0,11.1812173,diff,139788,2022,88078,2021,,
75112,2023,Trafic de stupéfiants,Mis en cause,198.0,1.4164306,diff,139788,2022,88078,2021,,
75112,2023,Escroqueries et fraudes aux moyens de paiement,Victime,1556.0,11.1311414,diff,139788,2022,88078,2021,,
75113,2023,Violences physiques intrafamiliales,Victime,577.0,3.2464062,diff,177735,2022,106903,2021,,
75113,2023,Violences physiques hors cadre familial,Victime,759.0,4.2704026,diff,177735,2022,106903,2021,,
75113,2023,Violences sexuelles,Victime,428.0,2.4080794,diff,177735,2022,106903,2021,,
75113,2023,Vols avec armes,Infraction,23.0,0.1294061,diff,177735,2022,106903,2021,,
75113,2023,Vols violents sans arme,Infraction,457.0,2.5712437,diff,177735,2022,106903,2021,,
75113,2023,Vols sans violence contre des personnes,Victime entendue,6346.0,35.7048415,diff,177735,2022,106903,2021,,
75113,2023,Cambriolages de logement,Infraction,565.0,5.2851673,diff,177735,2022,106903,2021,,
75113,2023,Vols de véhicule,Véhicule,378.0,2.1267618,diff,177735,2022,106903,2021,,
75113,2023,Vols dans les véhicules,Véhicule,1019.0,5.7332546,diff,177735,2022,106903,2021,,
75113,2023,Vols d'accessoires sur véhicules,Véhicule,115.0,0.6470307,diff,177735,2022,106903,2021,,
75113,2023,Destructions et dégradations volontaires,Infraction,1333.0,7.4999297,diff,177735,2022,106903,2021,,
75113,2023,Usage de stupéfiants,Mis en cause,1734.0,9.7560976,diff,177735,2022,106903,2021,,
75113,2023,Usage de stupéfiants (AFD),Mis en cause,1161.0,6.5321968,diff,177735,2022,106903,2021,,
75113,2023,Trafic de stupéfiants,Mis en cause,210.0,1.1815343,diff,177735,2022,106903,2021,,
75113,2023,Escroqueries et fraudes aux moyens de paiement,Victime,1674.0,9.4185163,diff,177735,2022,106903,2021,,
75114,2023,Violences physiques intrafamiliales,Victime,275.0,1.9988225,diff,137581,2022,85738,2021,,
75114,2023,Violences physiques hors cadre familial,Victime,428.0,3.1108947,diff,137581,2022,85738,2021,,
75114,2023,Violences sexuelles,Victime,231.0,1.6790109,diff,137581,2022,85738,2021,,
75114,2023,Vols avec armes,Infraction,7.0,0.0508791,diff,137581,2022,85738,2021,,
75114,2023,Vols violents sans arme,Infraction,285.0,2.071507,diff,137581,2022,85738,2021,,
75114,2023,Vols sans violence contre des personnes,Victime entendue,5126.0,37.2580516,diff,137581,2022,85738,2021,,
75114,2023,Cambriolages de logement,Infraction,635.0,7.4062457,diff,137581,2022,85738,2021,,
75114,2023,Vols de véhicule,Véhicule,290.0,2.1078492,diff,137581,2022,85738,2021,,
75114,2023,Vols dans les véhicules,Véhicule,720.0,5.2332808,diff,137581,2022,85738,2021,,
75114,2023,Vols d'accessoires sur véhicules,Véhicule,116.0,0.8431397,diff,137581,2022,85738,2021,,
75114,2023,Destructions et dégradations volontaires,Infraction,1210.0,8.7948191,diff,137581,2022,85738,2021,,
75114,2023,Usage de stupéfiants,Mis en cause,541.0,3.932229,diff,137581,2022,85738,2021,,
75114,2023,Usage de stupéfiants (AFD),Mis en cause,265.0,1.9261381,diff,137581,2022,85738,2021,,
75114,2023,Trafic de stupéfiants,Mis en cause,124.0,0.9012872,diff,137581,2022,85738,2021,,
75114,2023,Escroqueries et fraudes aux moyens de paiement,Victime,1433.0,10.4156824,diff,137581,2022,85738,2021,,
75115,2023,Violences physiques intrafamiliales,Victime,579.0,2.5311033,diff,228754,2022,152003,2021,,
75115,2023,Violences physiques hors cadre familial,Victime,685.0,2.9944832,diff,228754,2022,152003,2021,,
75115,2023,Violences sexuelles,Victime,466.0,2.0371228,diff,228754,2022,152003,2021,,
75115,2023,Vols avec armes,Infraction,20.0,0.0874302,diff,228754,2022,152003,2021,,
75115,2023,Vols violents sans arme,Infraction,467.0,2.0414944,diff,228754,2022,152003,2021,,
75115,2023,Vols sans violence contre des personnes,Victime entendue,6860.0,29.9885466,diff,228754,2022,152003,2021,,
75115,2023,Cambriolages de logement,Infraction,1421.0,9.3484828,diff,228754,2022,152003,2021,,
75115,2023,Vols de véhicule,Véhicule,486.0,2.124553,diff,228754,2022,152003,2021,,
75115,2023,Vols dans les véhicules,Véhicule,927.0,4.0523882,diff,228754,2022,152003,2021,,
75115,2023,Vols d'accessoires sur véhicules,Véhicule,184.0,0.8043575,diff,228754,2022,152003,2021,,
75115,2023,Destructions et dégradations volontaires,Infraction,1409.0,6.1594551,diff,228754,2022,152003,2021,,
75115,2023,Usage de stupéfiants,Mis en cause,1487.0,6.5004328,diff,228754,2022,152003,2021,,
75115,2023,Usage de stupéfiants (AFD),Mis en cause,1105.0,4.8305166,diff,228754,2022,152003,2021,,
75115,2023,Trafic de stupéfiants,Mis en cause,266.0,1.1628212,diff,228754,2022,152003,2021,,
75115,2023,Escroqueries et fraudes aux moyens de paiement,Victime,2836.0,12.3975974,diff,228754,2022,152003,2021,,
75116,2023,Violences physiques intrafamiliales,Victime,410.0,2.5667833,diff,159733,2022,102810,2021,,
75116,2023,Violences physiques hors cadre familial,Victime,437.0,2.7358154,diff,159733,2022,102810,2021,,
75116,2023,Violences sexuelles,Victime,333.0,2.0847289,diff,159733,2022,102810,2021,,
75116,2023,Vols avec armes,Infraction,60.0,0.3756268,diff,159733,2022,102810,2021,,
75116,2023,Vols violents sans arme,Infraction,555.0,3.4745482,diff,159733,2022,102810,2021,,
75116,2023,Vols sans violence contre des personnes,Victime entendue,5579.0,34.9270345,diff,159733,2022,102810,2021,,
75116,2023,Cambriolages de logement,Infraction,906.0,8.8124105,diff,159733,2022,102810,2021,,
75116,2023,Vols de véhicule,Véhicule,507.0,3.1740467,diff,159733,2022,102810,2021,,
75116,2023,Vols dans les véhicules,Véhicule,2204.0,13.7980255,diff,159733,2022,102810,2021,,
75116,2023,Vols d'accessoires sur véhicules,Véhicule,266.0,1.6652789,diff,159733,2022,102810,2021,,
75116,2023,Destructions et dégradations volontaires,Infraction,1770.0,11.0809914,diff,159733,2022,102810,2021,,
75116,2023,Usage de stupéfiants,Mis en cause,535.0,3.3493392,diff,159733,2022,102810,2021,,
75116,2023,Usage de stupéfiants (AFD),Mis en cause,400.0,2.5041788,diff,159733,2022,102810,2021,,
75116,2023,Trafic de stupéfiants,Mis en cause,130.0,0.8138581,diff,159733,2022,102810,2021,,
75116,2023,Escroqueries et fraudes aux moyens de paiement,Victime,1823.0,11.4127951,diff,159733,2022,102810,2021,,
75117,2023,Violences physiques intrafamiliales,Victime,401.0,2.4875005,diff,161206,2022,107439,2021,,
75117,2023,Violences physiques hors cadre familial,Victime,447.0,2.7728496,diff,161206,2022,107439,2021,,
75117,2023,Violences sexuelles,Victime,298.0,1.8485664,diff,161206,2022,107439,2021,,
75117,2023,Vols avec armes,Infraction,17.0,0.1054551,diff,161206,2022,107439,2021,,
75117,2023,Vols violents sans arme,Infraction,533.0,3.3063285,diff,161206,2022,107439,2021,,
75117,2023,Vols sans violence contre des personnes,Victime entendue,5475.0,33.9627557,diff,161206,2022,107439,2021,,
75117,2023,Cambriolages de logement,Infraction,870.0,8.0976371,diff,161206,2022,107439,2021,,
75117,2023,Vols de véhicule,Véhicule,420.0,2.6053621,diff,161206,2022,107439,2021,,
75117,2023,Vols dans les véhicules,Véhicule,1225.0,7.5989727,diff,161206,2022,107439,2021,,
75117,2023,Vols d'accessoires sur véhicules,Véhicule,216.0,1.3399005,diff,161206,2022,107439,2021,,
75117,2023,Destructions et dégradations volontaires,Infraction,1462.0,9.0691413,diff,161206,2022,107439,2021,,
75117,2023,Usage de stupéfiants,Mis en cause,665.0,4.1251566,diff,161206,2022,107439,2021,,
75117,2023,Usage de stupéfiants (AFD),Mis en cause,463.0,2.8721015,diff,161206,2022,107439,2021,,
75117,2023,Trafic de stupéfiants,Mis en cause,320.0,1.9850378,diff,161206,2022,107439,2021,,
75117,2023,Escroqueries et fraudes aux moyens de paiement,Victime,1876.0,11.637284,diff,161206,2022,107439,2021,,
75118,2023,Violences physiques intrafamiliales,Victime,548.0,2.9490112,diff,185825,2022,123804,2021,,
75118,2023,Violences physiques hors cadre familial,Victime,1027.0,5.5267052,diff,185825,2022,123804,2021,,
75118,2023,Violences sexuelles,Victime,402.0,2.1633257,diff,185825,2022,123804,2021,,
75118,2023,Vols avec armes,Infraction,85.0,0.4574196,diff,185825,2022,123804,2021,,
75118,2023,Vols violents sans arme,Infraction,1652.0,8.8900848,diff,185825,2022,123804,2021,,
75118,2023,Vols sans violence contre des personnes,Victime entendue,11727.0,63.1077627,diff,185825,2022,123804,2021,,
75118,2023,Cambriolages de logement,Infraction,1317.0,10.6378038,diff,185825,2022,123804,2021,,
75118,2023,Vols de véhicule,Véhicule,478.0,2.5723127,diff,185825,2022,123804,2021,,
75118,2023,Vols dans les véhicules,Véhicule,1554.0,8.3627068,diff,185825,2022,123804,2021,,
75118,2023,Vols d'accessoires sur véhicules,Véhicule,169.0,0.9094578,diff,185825,2022,123804,2021,,
75118,2023,Destructions et dégradations volontaires,Infraction,1696.0,9.1268667,diff,185825,2022,123804,2021,,
75118,2023,Usage de stupéfiants,Mis en cause,2449.0,13.1790663,diff,185825,2022,123804,2021,,
75118,2023,Usage de stupéfiants (AFD),Mis en cause,947.0,5.0961927,diff,185825,2022,123804,2021,,
75118,2023,Trafic de stupéfiants,Mis en cause,995.0,5.3545002,diff,185825,2022,123804,2021,,
75118,2023,Escroqueries et fraudes aux moyens de paiement,Victime,1494.0,8.0398224,diff,185825,2022,123804,2021,,
75119,2023,Violences physiques intrafamiliales,Victime,695.0,3.8963733,diff,178371,2022,100649,2021,,
75119,2023,Violences physiques hors cadre familial,Victime,860.0,4.8214116,diff,178371,2022,100649,2021,,
75119,2023,Violences sexuelles,Victime,371.0,2.0799345,diff,178371,2022,100649,2021,,
75119,2023,Vols avec armes,Infraction,58.0,0.325165,diff,178371,2022,100649,2021,,
75119,2023,Vols violents sans arme,Infraction,943.0,5.2867338,diff,178371,2022,100649,2021,,
75119,2023,Vols sans violence contre des personnes,Victime entendue,8412.0,47.1601325,diff,178371,2022,100649,2021,,
75119,2023,Cambriolages de logement,Infraction,885.0,8.7929623,diff,178371,2022,100649,2021,,
75119,2023,Vols de véhicule,Véhicule,400.0,2.242517,diff,178371,2022,100649,2021,,
75119,2023,Vols dans les véhicules,Véhicule,1791.0,10.0408699,diff,178371,2022,100649,2021,,
75119,2023,Vols d'accessoires sur véhicules,Véhicule,141.0,0.7904872,diff,178371,2022,100649,2021,,
75119,2023,Destructions et dégradations volontaires,Infraction,1628.0,9.1270442,diff,178371,2022,100649,2021,,
75119,2023,Usage de stupéfiants,Mis en cause,1436.0,8.050636,diff,178371,2022,100649,2021,,
75119,2023,Usage de stupéfiants (AFD),Mis en cause,474.0,2.6573826,diff,178371,2022,100649,2021,,
75119,2023,Trafic de stupéfiants,Mis en cause,545.0,3.0554294,diff,178371,2022,100649,2021,,
75119,2023,Escroqueries et fraudes aux moyens de paiement,Victime,1877.0,10.523011,diff,178371,2022,100649,2021,,
75120,2023,Violences physiques intrafamiliales,Victime,635.0,3.3831662,diff,187694,2022,108352,2021,,
75120,2023,Violences physiques hors cadre familial,Victime,641.0,3.4151331,diff,187694,2022,108352,2021,,
75120,2023,Violences sexuelles,Victime,377.0,2.0085884,diff,187694,2022,108352,2021,,
75120,2023,Vols avec armes,Infraction,22.0,0.1172121,diff,187694,2022,108352,2021,,
75120,2023,Vols violents sans arme,Infraction,422.0,2.2483404,diff,187694,2022,108352,2021,,
75120,2023,Vols sans violence contre des personnes,Victime entendue,4273.0,22.7657783,diff,187694,2022,108352,2021,,
75120,2023,Cambriolages de logement,Infraction,724.0,6.681944,diff,187694,2022,108352,2021,,
75120,2023,Vols de véhicule,Véhicule,354.0,1.8860486,diff,187694,2022,108352,2021,,
75120,2023,Vols dans les véhicules,Véhicule,666.0,3.5483287,diff,187694,2022,108352,2021,,
75120,2023,Vols d'accessoires sur véhicules,Véhicule,175.0,0.9323686,diff,187694,2022,108352,2021,,
75120,2023,Destructions et dégradations volontaires,Infraction,1297.0,6.9101836,diff,187694,2022,108352,2021,,
75120,2023,Usage de stupéfiants,Mis en cause,456.0,2.4294863,diff,187694,2022,108352,2021,,
75120,2023,Usage de stupéfiants (AFD),Mis en cause,199.0,1.0602363,diff,187694,2022,108352,2021,,
75120,2023,Trafic de stupéfiants,Mis en cause,190.0,1.012286,diff,187694,2022,108352,2021,,
75120,2023,Escroqueries et fraudes aux moyens de paiement,Victime,2191.0,11.6732554,diff,187694,2022,108352,2021,,
75101,2024,Violences physiques intrafamiliales,Victime,89.0,5.7512116,diff,15475,2022,13891,2021,,
75101,2024,Violences physiques hors cadre familial,Victime,360.0,23.2633279,diff,15475,2022,13891,2021,,
75101,2024,Violences sexuelles,Victime,189.0,12.2132472,diff,15475,2022,13891,2021,,
75101,2024,Vols avec armes,Infraction,12.0,0.7754443,diff,15475,2022,13891,2021,,
75101,2024,Vols violents sans arme,Infraction,347.0,22.4232633,diff,15475,2022,13891,2021,,
75101,2024,Vols sans violence contre des personnes,Victime entendue,5587.0,361.0339257,diff,15475,2022,13891,2021,,
75101,2024,Cambriolages de logement,Infraction,147.0,10.5824142,diff,15475,2022,13891,2021,,
75101,2024,Vols de véhicule,Véhicule,54.0,3.4894992,diff,15475,2022,13891,2021,,
75101,2024,Vols dans les véhicules,Véhicule,470.0,30.371567,diff,15475,2022,13891,2021,,
75101,2024,Vols d'accessoires sur véhicules,Véhicule,53.0,3.4248788,diff,15475,2022,13891,2021,,
75101,2024,Destructions et dégradations volontaires,Infraction,344.0,22.2294023,diff,15475,2022,13891,2021,,
75101,2024,Usage de stupéfiants,Mis en cause,1683.0,108.7560582,diff,15475,2022,13891,2021,,
75101,2024,Usage de stupéfiants (AFD),Mis en cause,1550.0,100.1615509,diff,15475,2022,13891,2021,,
75101,2024,Trafic de stupéfiants,Mis en cause,86.0,5.5573506,diff,15475,2022,13891,2021,,
75101,2024,Escroqueries et fraudes aux moyens de paiement,Victime,323.0,20.8723748,diff,15475,2022,13891,2021,,
75102,2024,Violences physiques intrafamiliales,Victime,67.0,3.2790094,diff,20433,2022,17345,2021,,
75102,2024,Violences physiques hors cadre familial,Victime,148.0,7.243185,diff,20433,2022,17345,2021,,
75102,2024,Violences sexuelles,Victime,96.0,4.6982822,diff,20433,2022,17345,2021,,
75102,2024,Vols avec armes,Infraction,7.0,0.3425831,diff,20433,2022,17345,2021,,
75102,2024,Vols violents sans arme,Infraction,151.0,7.3900064,diff,20433,2022,17345,2021,,
75102,2024,Vols sans violence contre des personnes,Victime entendue,2601.0,127.2940831,diff,20433,2022,17345,2021,,
75102,2024,Cambriolages de logement,Infraction,193.0,11.1273321,diff,20433,2022,17345,2021,,
75102,2024,Vols de véhicule,Véhicule,76.0,3.7194734,diff,20433,2022,17345,2021,,
75102,2024,Vols dans les véhicules,Véhicule,342.0,16.7376303,diff,20433,2022,17345,2021,,
75102,2024,Vols d'accessoires sur véhicules,Véhicule,53.0,2.5938433,diff,20433,2022,17345,2021,,
75102,2024,Destructions et dégradations volontaires,Infraction,366.0,17.9122009,diff,20433,2022,17345,2021,,
75102,2024,Usage de stupéfiants,Mis en cause,349.0,17.0802134,diff,20433,2022,17345,2021,,
75102,2024,Usage de stupéfiants (AFD),Mis en cause,241.0,11.7946459,diff,20433,2022,17345,2021,,
75102,2024,Trafic de stupéfiants,Mis en cause,126.0,6.1664954,diff,20433,2022,17345,2021,,
75102,2024,Escroqueries et fraudes aux moyens de paiement,Victime,363.0,17.7653795,diff,20433,2022,17345,2021,,
75103,2024,Violences physiques intrafamiliales,Victime,104.0,3.1734407,diff,32772,2022,26325,2021,,
75103,2024,Violences physiques hors cadre familial,Victime,191.0,5.828146,diff,32772,2022,26325,2021,,
75103,2024,Violences sexuelles,Victime,100.0,3.0513853,diff,32772,2022,26325,2021,,
75103,2024,Vols avec armes,Infraction,,,ndiff,32772,2022,26325,2021,"3,6666667","0,0906096"
75103,2024,Vols violents sans arme,Infraction,138.0,4.2109118,diff,32772,2022,26325,2021,,
75103,2024,Vols sans violence contre des personnes,Victime entendue,1916.0,58.4645429,diff,32772,2022,26325,2021,,
75103,2024,Cambriolages de logement,Infraction,263.0,9.9905817,diff,32772,2022,26325,2021,,
75103,2024,Vols de véhicule,Véhicule,61.0,1.8613451,diff,32772,2022,26325,2021,,
75103,2024,Vols dans les véhicules,Véhicule,312.0,9.5203222,diff,32772,2022,26325,2021,,
75103,2024,Vols d'accessoires sur véhicules,Véhicule,41.0,1.251068,diff,32772,2022,26325,2021,,
75103,2024,Destructions et dégradations volontaires,Infraction,466.0,14.2194556,diff,32772,2022,26325,2021,,
75103,2024,Usage de stupéfiants,Mis en cause,421.0,12.8463322,diff,32772,2022,26325,2021,,
75103,2024,Usage de stupéfiants (AFD),Mis en cause,321.0,9.7949469,diff,32772,2022,26325,2021,,
75103,2024,Trafic de stupéfiants,Mis en cause,113.0,3.4480654,diff,32772,2022,26325,2021,,
75103,2024,Escroqueries et fraudes aux moyens de paiement,Victime,476.0,14.5245942,diff,32772,2022,26325,2021,,
75104,2024,Violences physiques intrafamiliales,Victime,117.0,4.1727594,diff,28039,2022,22923,2021,,
75104,2024,Violences physiques hors cadre familial,Victime,254.0,9.0588109,diff,28039,2022,22923,2021,,
75104,2024,Violences sexuelles,Victime,113.0,4.0301009,diff,28039,2022,22923,2021,,
75104,2024,Vols avec armes,Infraction,7.0,0.2496523,diff,28039,2022,22923,2021,,
75104,2024,Vols violents sans arme,Infraction,160.0,5.7063376,diff,28039,2022,22923,2021,,
75104,2024,Vols sans violence contre des personnes,Victime entendue,2611.0,93.1202967,diff,28039,2022,22923,2021,,
75104,2024,Cambriolages de logement,Infraction,198.0,8.6374972,diff,28039,2022,22923,2021,,
75104,2024,Vols de véhicule,Véhicule,51.0,1.8188951,diff,28039,2022,22923,2021,,
75104,2024,Vols dans les véhicules,Véhicule,255.0,9.0944756,diff,28039,2022,22923,2021,,
75104,2024,Vols d'accessoires sur véhicules,Véhicule,34.0,1.2125967,diff,28039,2022,22923,2021,,
75104,2024,Destructions et dégradations volontaires,Infraction,392.0,13.9805271,diff,28039,2022,22923,2021,,
75104,2024,Usage de stupéfiants,Mis en cause,485.0,17.2973359,diff,28039,2022,22923,2021,,
75104,2024,Usage de stupéfiants (AFD),Mis en cause,409.0,14.5868255,diff,28039,2022,22923,2021,,
75104,2024,Trafic de stupéfiants,Mis en cause,81.0,2.8888334,diff,28039,2022,22923,2021,,
75104,2024,Escroqueries et fraudes aux moyens de paiement,Victime,391.0,13.9448625,diff,28039,2022,22923,2021,,
75105,2024,Violences physiques intrafamiliales,Victime,114.0,2.0384443,diff,55925,2022,39903,2021,,
75105,2024,Violences physiques hors cadre familial,Victime,218.0,3.8980778,diff,55925,2022,39903,2021,,
75105,2024,Violences sexuelles,Victime,149.0,2.6642825,diff,55925,2022,39903,2021,,
75105,2024,Vols avec armes,Infraction,6.0,0.1072865,diff,55925,2022,39903,2021,,
75105,2024,Vols violents sans arme,Infraction,107.0,1.9132767,diff,55925,2022,39903,2021,,
75105,2024,Vols sans violence contre des personnes,Victime entendue,2718.0,48.6008046,diff,55925,2022,39903,2021,,
75105,2024,Cambriolages de logement,Infraction,323.0,8.0946551,diff,55925,2022,39903,2021,,
75105,2024,Vols de véhicule,Véhicule,71.0,1.2695574,diff,55925,2022,39903,2021,,
75105,2024,Vols dans les véhicules,Véhicule,267.0,4.7742512,diff,55925,2022,39903,2021,,
75105,2024,Vols d'accessoires sur véhicules,Véhicule,25.0,0.4470273,diff,55925,2022,39903,2021,,
75105,2024,Destructions et dégradations volontaires,Infraction,408.0,7.295485,diff,55925,2022,39903,2021,,
75105,2024,Usage de stupéfiants,Mis en cause,242.0,4.327224,diff,55925,2022,39903,2021,,
75105,2024,Usage de stupéfiants (AFD),Mis en cause,194.0,3.4689316,diff,55925,2022,39903,2021,,
75105,2024,Trafic de stupéfiants,Mis en cause,90.0,1.6092982,diff,55925,2022,39903,2021,,
75105,2024,Escroqueries et fraudes aux moyens de paiement,Victime,701.0,12.5346446,diff,55925,2022,39903,2021,,
75106,2024,Violences physiques intrafamiliales,Victime,80.0,1.9786308,diff,40432,2022,31682,2021,,
75106,2024,Violences physiques hors cadre familial,Victime,175.0,4.3282548,diff,40432,2022,31682,2021,,
75106,2024,Violences sexuelles,Victime,106.0,2.6216858,diff,40432,2022,31682,2021,,
75106,2024,Vols avec armes,Infraction,,,ndiff,40432,2022,31682,2021,"3,6666667","0,0906096"
75106,2024,Vols violents sans arme,Infraction,111.0,2.7453502,diff,40432,2022,31682,2021,,
75106,2024,Vols sans violence contre des personnes,Victime entendue,2551.0,63.0935892,diff,40432,2022,31682,2021,,
75106,2024,Cambriolages de logement,Infraction,315.0,9.9425418,diff,40432,2022,31682,2021,,
75106,2024,Vols de véhicule,Véhicule,72.0,1.7807677,diff,40432,2022,31682,2021,,
75106,2024,Vols dans les véhicules,Véhicule,357.0,8.8296399,diff,40432,2022,31682,2021,,
75106,2024,Vols d'accessoires sur véhicules,Véhicule,50.0,1.2366442,diff,40432,2022,31682,2021,,
75106,2024,Destructions et dégradations volontaires,Infraction,338.0,8.3597151,diff,40432,2022,31682,2021,,
75106,2024,Usage de stupéfiants,Mis en cause,168.0,4.1551247,diff,40432,2022,31682,2021,,
75106,2024,Usage de stupéfiants (AFD),Mis en cause,92.0,2.2754254,diff,40432,2022,31682,2021,,
75106,2024,Trafic de stupéfiants,Mis en cause,109.0,2.6958844,diff,40432,2022,31682,2021,,
75106,2024,Escroqueries et fraudes aux moyens de paiement,Victime,594.0,14.6913336,diff,40432,2022,31682,2021,,
75107,2024,Violences physiques intrafamiliales,Victime,141.0,2.925554,diff,48196,2022,39397,2021,,
75107,2024,Violences physiques hors cadre familial,Victime,299.0,6.2038343,diff,48196,2022,39397,2021,,
75107,2024,Violences sexuelles,Victime,142.0,2.9463026,diff,48196,2022,39397,2021,,
75107,2024,Vols avec armes,Infraction,,,ndiff,48196,2022,39397,2021,"3,6666667","0,0906096"
75107,2024,Vols violents sans arme,Infraction,149.0,3.0915429,diff,48196,2022,39397,2021,,
75107,2024,Vols sans violence contre des personnes,Victime entendue,2801.0,58.1168562,diff,48196,2022,39397,2021,,
75107,2024,Cambriolages de logement,Infraction,346.0,8.7822978,diff,48196,2022,39397,2021,,
75107,2024,Vols de véhicule,Véhicule,103.0,2.1371068,diff,48196,2022,39397,2021,,
75107,2024,Vols dans les véhicules,Véhicule,340.0,7.0545273,diff,48196,2022,39397,2021,,
75107,2024,Vols d'accessoires sur véhicules,Véhicule,47.0,0.9751847,diff,48196,2022,39397,2021,,
75107,2024,Destructions et dégradations volontaires,Infraction,436.0,9.0463939,diff,48196,2022,39397,2021,,
75107,2024,Usage de stupéfiants,Mis en cause,600.0,12.4491659,diff,48196,2022,39397,2021,,
75107,2024,Usage de stupéfiants (AFD),Mis en cause,488.0,10.1253216,diff,48196,2022,39397,2021,,
75107,2024,Trafic de stupéfiants,Mis en cause,69.0,1.4316541,diff,48196,2022,39397,2021,,
75107,2024,Escroqueries et fraudes aux moyens de paiement,Victime,731.0,15.1672338,diff,48196,2022,39397,2021,,
75108,2024,Violences physiques intrafamiliales,Victime,122.0,3.4445762,diff,35418,2022,27402,2021,,
75108,2024,Violences physiques hors cadre familial,Victime,442.0,12.4795302,diff,35418,2022,27402,2021,,
75108,2024,Violences sexuelles,Victime,288.0,8.1314586,diff,35418,2022,27402,2021,,
75108,2024,Vols avec armes,Infraction,17.0,0.4799819,diff,35418,2022,27402,2021,,
75108,2024,Vols violents sans arme,Infraction,313.0,8.8373144,diff,35418,2022,27402,2021,,
75108,2024,Vols sans violence contre des personnes,Victime entendue,5842.0,164.9443786,diff,35418,2022,27402,2021,,
75108,2024,Cambriolages de logement,Infraction,296.0,10.8022931,diff,35418,2022,27402,2021,,
75108,2024,Vols de véhicule,Véhicule,175.0,4.9409905,diff,35418,2022,27402,2021,,
75108,2024,Vols dans les véhicules,Véhicule,774.0,21.8532949,diff,35418,2022,27402,2021,,
75108,2024,Vols d'accessoires sur véhicules,Véhicule,120.0,3.3881077,diff,35418,2022,27402,2021,,
75108,2024,Destructions et dégradations volontaires,Infraction,626.0,17.6746287,diff,35418,2022,27402,2021,,
75108,2024,Usage de stupéfiants,Mis en cause,3227.0,91.111864,diff,35418,2022,27402,2021,,
75108,2024,Usage de stupéfiants (AFD),Mis en cause,3005.0,84.8438647,diff,35418,2022,27402,2021,,
75108,2024,Trafic de stupéfiants,Mis en cause,177.0,4.9974589,diff,35418,2022,27402,2021,,
75108,2024,Escroqueries et fraudes aux moyens de paiement,Victime,828.0,23.3779434,diff,35418,2022,27402,2021,,
75109,2024,Violences physiques intrafamiliales,Victime,144.0,2.4649515,diff,58419,2022,40905,2021,,
75109,2024,Violences physiques hors cadre familial,Victime,328.0,5.6146117,diff,58419,2022,40905,2021,,
75109,2024,Violences sexuelles,Victime,206.0,3.52625,diff,58419,2022,40905,2021,,
75109,2024,Vols avec armes,Infraction,16.0,0.2738835,diff,58419,2022,40905,2021,,
75109,2024,Vols violents sans arme,Infraction,325.0,5.5632585,diff,58419,2022,40905,2021,,
75109,2024,Vols sans violence contre des personnes,Victime entendue,5487.0,93.9249217,diff,58419,2022,40905,2021,,
75109,2024,Cambriolages de logement,Infraction,310.0,7.5784524,diff,58419,2022,40905,2021,,
75109,2024,Vols de véhicule,Véhicule,122.0,2.0883617,diff,58419,2022,40905,2021,,
75109,2024,Vols dans les véhicules,Véhicule,605.0,10.3562197,diff,58419,2022,40905,2021,,
75109,2024,Vols d'accessoires sur véhicules,Véhicule,83.0,1.4207706,diff,58419,2022,40905,2021,,
75109,2024,Destructions et dégradations volontaires,Infraction,725.0,12.4103459,diff,58419,2022,40905,2021,,
75109,2024,Usage de stupéfiants,Mis en cause,2120.0,36.2895633,diff,58419,2022,40905,2021,,
75109,2024,Usage de stupéfiants (AFD),Mis en cause,1831.0,31.3425427,diff,58419,2022,40905,2021,,
75109,2024,Trafic de stupéfiants,Mis en cause,282.0,4.8271966,diff,58419,2022,40905,2021,,
75109,2024,Escroqueries et fraudes aux moyens de paiement,Victime,1000.0,17.1177186,diff,58419,2022,40905,2021,,
75110,2024,Violences physiques intrafamiliales,Victime,318.0,3.8815516,diff,81926,2022,59900,2021,,
75110,2024,Violences physiques hors cadre familial,Victime,902.0,11.0099358,diff,81926,2022,59900,2021,,
75110,2024,Violences sexuelles,Victime,422.0,5.1509899,diff,81926,2022,59900,2021,,
75110,2024,Vols avec armes,Infraction,25.0,0.3051534,diff,81926,2022,59900,2021,,
75110,2024,Vols violents sans arme,Infraction,796.0,9.7160852,diff,81926,2022,59900,2021,,
75110,2024,Vols sans violence contre des personnes,Victime entendue,8460.0,103.2639211,diff,81926,2022,59900,2021,,
75110,2024,Cambriolages de logement,Infraction,321.0,5.3589043,diff,81926,2022,59900,2021,,
75110,2024,Vols de véhicule,Véhicule,161.0,1.9651881,diff,81926,2022,59900,2021,,
75110,2024,Vols dans les véhicules,Véhicule,746.0,9.1057784,diff,81926,2022,59900,2021,,
75110,2024,Vols d'accessoires sur véhicules,Véhicule,86.0,1.0497278,diff,81926,2022,59900,2021,,
75110,2024,Destructions et dégradations volontaires,Infraction,1023.0,12.4868784,diff,81926,2022,59900,2021,,
75110,2024,Usage de stupéfiants,Mis en cause,3584.0,43.7467959,diff,81926,2022,59900,2021,,
75110,2024,Usage de stupéfiants (AFD),Mis en cause,2958.0,36.105754,diff,81926,2022,59900,2021,,
75110,2024,Trafic de stupéfiants,Mis en cause,437.0,5.334082,diff,81926,2022,59900,2021,,
75110,2024,Escroqueries et fraudes aux moyens de paiement,Victime,1072.0,13.0849791,diff,81926,2022,59900,2021,,
75111,2024,Violences physiques intrafamiliales,Victime,373.0,2.6646093,diff,139983,2022,101305,2021,,
75111,2024,Violences physiques hors cadre familial,Victime,550.0,3.9290485,diff,139983,2022,101305,2021,,
75111,2024,Violences sexuelles,Victime,351.0,2.5074473,diff,139983,2022,101305,2021,,
75111,2024,Vols avec armes,Infraction,17.0,0.1214433,diff,139983,2022,101305,2021,,
75111,2024,Vols violents sans arme,Infraction,369.0,2.6360344,diff,139983,2022,101305,2021,,
75111,2024,Vols sans violence contre des personnes,Victime entendue,4956.0,35.4042991,diff,139983,2022,101305,2021,,
75111,2024,Cambriolages de logement,Infraction,465.0,4.5901212,diff,139983,2022,101305,2021,,
75111,2024,Vols de véhicule,Véhicule,212.0,1.5144696,diff,139983,2022,101305,2021,,
75111,2024,Vols dans les véhicules,Véhicule,546.0,3.9004736,diff,139983,2022,101305,2021,,
75111,2024,Vols d'accessoires sur véhicules,Véhicule,140.0,1.0001214,diff,139983,2022,101305,2021,,
75111,2024,Destructions et dégradations volontaires,Infraction,1383.0,9.8797711,diff,139983,2022,101305,2021,,
75111,2024,Usage de stupéfiants,Mis en cause,789.0,5.6363987,diff,139983,2022,101305,2021,,
75111,2024,Usage de stupéfiants (AFD),Mis en cause,505.0,3.6075809,diff,139983,2022,101305,2021,,
75111,2024,Trafic de stupéfiants,Mis en cause,188.0,1.3430202,diff,139983,2022,101305,2021,,
75111,2024,Escroqueries et fraudes aux moyens de paiement,Victime,1953.0,13.9516941,diff,139983,2022,101305,2021,,
75112,2024,Violences physiques intrafamiliales,Victime,392.0,2.8042464,diff,139788,2022,88078,2021,,
75112,2024,Violences physiques hors cadre familial,Victime,837.0,5.9876384,diff,139788,2022,88078,2021,,
75112,2024,Violences sexuelles,Victime,466.0,3.3336195,diff,139788,2022,88078,2021,,
75112,2024,Vols avec armes,Infraction,24.0,0.1716886,diff,139788,2022,88078,2021,,
75112,2024,Vols violents sans arme,Infraction,439.0,3.1404699,diff,139788,2022,88078,2021,,
75112,2024,Vols sans violence contre des personnes,Victime entendue,6812.0,48.7309354,diff,139788,2022,88078,2021,,
75112,2024,Cambriolages de logement,Infraction,404.0,4.5868395,diff,139788,2022,88078,2021,,
75112,2024,Vols de véhicule,Véhicule,285.0,2.0388016,diff,139788,2022,88078,2021,,
75112,2024,Vols dans les véhicules,Véhicule,874.0,6.2523249,diff,139788,2022,88078,2021,,
75112,2024,Vols d'accessoires sur véhicules,Véhicule,247.0,1.7669614,diff,139788,2022,88078,2021,,
75112,2024,Destructions et dégradations volontaires,Infraction,1112.0,7.9549031,diff,139788,2022,88078,2021,,
75112,2024,Usage de stupéfiants,Mis en cause,3043.0,21.7686783,diff,139788,2022,88078,2021,,
75112,2024,Usage de stupéfiants (AFD),Mis en cause,2747.0,19.6511861,diff,139788,2022,88078,2021,,
75112,2024,Trafic de stupéfiants,Mis en cause,214.0,1.5308896,diff,139788,2022,88078,2021,,
75112,2024,Escroqueries et fraudes aux moyens de paiement,Victime,1471.0,10.5230778,diff,139788,2022,88078,2021,,
75113,2024,Violences physiques intrafamiliales,Victime,568.0,3.195769,diff,177735,2022,106903,2021,,
75113,2024,Violences physiques hors cadre familial,Victime,740.0,4.1635018,diff,177735,2022,106903,2021,,
75113,2024,Violences sexuelles,Victime,484.0,2.7231553,diff,177735,2022,106903,2021,,
75113,2024,Vols avec armes,Infraction,17.0,0.095648,diff,177735,2022,106903,2021,,
75113,2024,Vols violents sans arme,Infraction,347.0,1.9523448,diff,177735,2022,106903,2021,,
75113,2024,Vols sans violence contre des personnes,Victime entendue,5515.0,31.0293414,diff,177735,2022,106903,2021,,
75113,2024,Cambriolages de logement,Infraction,436.0,4.0784654,diff,177735,2022,106903,2021,,
75113,2024,Vols de véhicule,Véhicule,284.0,1.5978845,diff,177735,2022,106903,2021,,
75113,2024,Vols dans les véhicules,Véhicule,900.0,5.0637185,diff,177735,2022,106903,2021,,
75113,2024,Vols d'accessoires sur véhicules,Véhicule,110.0,0.6188989,diff,177735,2022,106903,2021,,
75113,2024,Destructions et dégradations volontaires,Infraction,1156.0,6.504065,diff,177735,2022,106903,2021,,
75113,2024,Usage de stupéfiants,Mis en cause,2644.0,14.8760796,diff,177735,2022,106903,2021,,
75113,2024,Usage de stupéfiants (AFD),Mis en cause,2041.0,11.4833882,diff,177735,2022,106903,2021,,
75113,2024,Trafic de stupéfiants,Mis en cause,227.0,1.2771823,diff,177735,2022,106903,2021,,
75113,2024,Escroqueries et fraudes aux moyens de paiement,Victime,1583.0,8.9065181,diff,177735,2022,106903,2021,,
75114,2024,Violences physiques intrafamiliales,Victime,270.0,1.9624803,diff,137581,2022,85738,2021,,
75114,2024,Violences physiques hors cadre familial,Victime,419.0,3.0454787,diff,137581,2022,85738,2021,,
75114,2024,Violences sexuelles,Victime,262.0,1.9043327,diff,137581,2022,85738,2021,,
75114,2024,Vols avec armes,Infraction,5.0,0.0363422,diff,137581,2022,85738,2021,,
75114,2024,Vols violents sans arme,Infraction,217.0,1.5772527,diff,137581,2022,85738,2021,,
75114,2024,Vols sans violence contre des personnes,Victime entendue,4457.0,32.3954616,diff,137581,2022,85738,2021,,
75114,2024,Cambriolages de logement,Infraction,490.0,5.7150557,diff,137581,2022,85738,2021,,
75114,2024,Vols de véhicule,Véhicule,221.0,1.6063265,diff,137581,2022,85738,2021,,
75114,2024,Vols dans les véhicules,Véhicule,636.0,4.6227313,diff,137581,2022,85738,2021,,
75114,2024,Vols d'accessoires sur véhicules,Véhicule,110.0,0.799529,diff,137581,2022,85738,2021,,
75114,2024,Destructions et dégradations volontaires,Infraction,1049.0,7.6245993,diff,137581,2022,85738,2021,,
75114,2024,Usage de stupéfiants,Mis en cause,759.0,5.5167501,diff,137581,2022,85738,2021,,
75114,2024,Usage de stupéfiants (AFD),Mis en cause,466.0,3.3870956,diff,137581,2022,85738,2021,,
75114,2024,Trafic de stupéfiants,Mis en cause,135.0,0.9812401,diff,137581,2022,85738,2021,,
75114,2024,Escroqueries et fraudes aux moyens de paiement,Victime,1355.0,9.8487436,diff,137581,2022,85738,2021,,
75115,2024,Violences physiques intrafamiliales,Victime,568.0,2.4830167,diff,228754,2022,152003,2021,,
75115,2024,Violences physiques hors cadre familial,Victime,669.0,2.924539,diff,228754,2022,152003,2021,,
75115,2024,Violences sexuelles,Victime,527.0,2.3037849,diff,228754,2022,152003,2021,,
75115,2024,Vols avec armes,Infraction,15.0,0.0655726,diff,228754,2022,152003,2021,,
75115,2024,Vols violents sans arme,Infraction,354.0,1.5475139,diff,228754,2022,152003,2021,,
75115,2024,Vols sans violence contre des personnes,Victime entendue,5963.0,26.0673037,diff,228754,2022,152003,2021,,
75115,2024,Cambriolages de logement,Infraction,1097.0,7.2169498,diff,228754,2022,152003,2021,,
75115,2024,Vols de véhicule,Véhicule,366.0,1.599972,diff,228754,2022,152003,2021,,
75115,2024,Vols dans les véhicules,Véhicule,820.0,3.5846368,diff,228754,2022,152003,2021,,
75115,2024,Vols d'accessoires sur véhicules,Véhicule,176.0,0.7693855,diff,228754,2022,152003,2021,,
75115,2024,Destructions et dégradations volontaires,Infraction,1221.0,5.3376116,diff,228754,2022,152003,2021,,
75115,2024,Usage de stupéfiants,Mis en cause,2346.0,10.2555584,diff,228754,2022,152003,2021,,
75115,2024,Usage de stupéfiants (AFD),Mis en cause,1941.0,8.4850975,diff,228754,2022,152003,2021,,
75115,2024,Trafic de stupéfiants,Mis en cause,287.0,1.2546229,diff,228754,2022,152003,2021,,
75115,2024,Escroqueries et fraudes aux moyens de paiement,Victime,2681.0,11.7200136,diff,228754,2022,152003,2021,,
75116,2024,Violences physiques intrafamiliales,Victime,400.0,2.5041788,diff,159733,2022,102810,2021,,
75116,2024,Violences physiques hors cadre familial,Victime,426.0,2.6669505,diff,159733,2022,102810,2021,,
75116,2024,Violences sexuelles,Victime,376.0,2.3539281,diff,159733,2022,102810,2021,,
75116,2024,Vols avec armes,Infraction,47.0,0.294241,diff,159733,2022,102810,2021,,
75116,2024,Vols violents sans arme,Infraction,421.0,2.6356482,diff,159733,2022,102810,2021,,
75116,2024,Vols sans violence contre des personnes,Victime entendue,4849.0,30.3569081,diff,159733,2022,102810,2021,,
75116,2024,Cambriolages de logement,Infraction,701.0,6.8184324,diff,159733,2022,102810,2021,,
75116,2024,Vols de véhicule,Véhicule,382.0,2.3914908,diff,159733,2022,102810,2021,,
75116,2024,Vols dans les véhicules,Véhicule,1952.0,12.2203928,diff,159733,2022,102810,2021,,
75116,2024,Vols d'accessoires sur véhicules,Véhicule,255.0,1.596414,diff,159733,2022,102810,2021,,
75116,2024,Destructions et dégradations volontaires,Infraction,1537.0,9.6223072,diff,159733,2022,102810,2021,,
75116,2024,Usage de stupéfiants,Mis en cause,846.0,5.2963383,diff,159733,2022,102810,2021,,
75116,2024,Usage de stupéfiants (AFD),Mis en cause,704.0,4.4073548,diff,159733,2022,102810,2021,,
75116,2024,Trafic de stupéfiants,Mis en cause,140.0,0.8764626,diff,159733,2022,102810,2021,,
75116,2024,Escroqueries et fraudes aux moyens de paiement,Victime,1722.0,10.7804899,diff,159733,2022,102810,2021,,
75117,2024,Violences physiques intrafamiliales,Victime,395.0,2.450281,diff,161206,2022,107439,2021,,
75117,2024,Violences physiques hors cadre familial,Victime,438.0,2.7170205,diff,161206,2022,107439,2021,,
75117,2024,Violences sexuelles,Victime,338.0,2.0966962,diff,161206,2022,107439,2021,,
75117,2024,Vols avec armes,Infraction,14.0,0.0868454,diff,161206,2022,107439,2021,,
75117,2024,Vols violents sans arme,Infraction,403.0,2.499907,diff,161206,2022,107439,2021,,
75117,2024,Vols sans violence contre des personnes,Victime entendue,4761.0,29.5336402,diff,161206,2022,107439,2021,,
75117,2024,Cambriolages de logement,Infraction,671.0,6.245419,diff,161206,2022,107439,2021,,
75117,2024,Vols de véhicule,Véhicule,316.0,1.9602248,diff,161206,2022,107439,2021,,
75117,2024,Vols dans les véhicules,Véhicule,1085.0,6.7305187,diff,161206,2022,107439,2021,,
75117,2024,Vols d'accessoires sur véhicules,Véhicule,206.0,1.2778681,diff,161206,2022,107439,2021,,
75117,2024,Destructions et dégradations volontaires,Infraction,1268.0,7.8657122,diff,161206,2022,107439,2021,,
75117,2024,Usage de stupéfiants,Mis en cause,1027.0,6.3707306,diff,161206,2022,107439,2021,,
75117,2024,Usage de stupéfiants (AFD),Mis en cause,814.0,5.0494398,diff,161206,2022,107439,2021,,
75117,2024,Trafic de stupéfiants,Mis en cause,344.0,2.1339156,diff,161206,2022,107439,2021,,
75117,2024,Escroqueries et fraudes aux moyens de paiement,Victime,1775.0,11.0107564,diff,161206,2022,107439,2021,,
75118,2024,Violences physiques intrafamiliales,Victime,540.0,2.9059599,diff,185825,2022,123804,2021,,
75118,2024,Violences physiques hors cadre familial,Victime,1002.0,5.3921701,diff,185825,2022,123804,2021,,
75118,2024,Violences sexuelles,Victime,453.0,2.4377775,diff,185825,2022,123804,2021,,
75118,2024,Vols avec armes,Infraction,67.0,0.3605543,diff,185825,2022,123804,2021,,
75118,2024,Vols violents sans arme,Infraction,1252.0,6.7375219,diff,185825,2022,123804,2021,,
75118,2024,Vols sans violence contre des personnes,Victime entendue,10195.0,54.8634468,diff,185825,2022,123804,2021,,
75118,2024,Cambriolages de logement,Infraction,1018.0,8.2226912,diff,185825,2022,123804,2021,,
75118,2024,Vols de véhicule,Véhicule,358.0,1.9265438,diff,185825,2022,123804,2021,,
75118,2024,Vols dans les véhicules,Véhicule,1374.0,7.3940535,diff,185825,2022,123804,2021,,
75118,2024,Vols d'accessoires sur véhicules,Véhicule,160.0,0.8610252,diff,185825,2022,123804,2021,,
75118,2024,Destructions et dégradations volontaires,Infraction,1471.0,7.91605,diff,185825,2022,123804,2021,,
75118,2024,Usage de stupéfiants,Mis en cause,3249.0,17.4841921,diff,185825,2022,123804,2021,,
75118,2024,Usage de stupéfiants (AFD),Mis en cause,1663.0,8.9492802,diff,185825,2022,123804,2021,,
75118,2024,Trafic de stupéfiants,Mis en cause,1075.0,5.7850128,diff,185825,2022,123804,2021,,
75118,2024,Escroqueries et fraudes aux moyens de paiement,Victime,1412.0,7.598547,diff,185825,2022,123804,2021,,
75119,2024,Violences physiques intrafamiliales,Victime,682.0,3.8234915,diff,178371,2022,100649,2021,,
75119,2024,Violences physiques hors cadre familial,Victime,838.0,4.6980731,diff,178371,2022,100649,2021,,
75119,2024,Violences sexuelles,Victime,418.0,2.3434303,diff,178371,2022,100649,2021,,
75119,2024,Vols avec armes,Infraction,45.0,0.2522832,diff,178371,2022,100649,2021,,
75119,2024,Vols violents sans arme,Infraction,714.0,4.0028928,diff,178371,2022,100649,2021,,
75119,2024,Vols sans violence contre des personnes,Victime entendue,7313.0,40.9988171,diff,178371,2022,100649,2021,,
75119,2024,Cambriolages de logement,Infraction,683.0,6.7859811,diff,178371,2022,100649,2021,,
75119,2024,Vols de véhicule,Véhicule,298.0,1.6706752,diff,178371,2022,100649,2021,,
75119,2024,Vols dans les véhicules,Véhicule,1588.0,8.9027925,diff,178371,2022,100649,2021,,
75119,2024,Vols d'accessoires sur véhicules,Véhicule,134.0,0.7512432,diff,178371,2022,100649,2021,,
75119,2024,Destructions et dégradations volontaires,Infraction,1411.0,7.9104787,diff,178371,2022,100649,2021,,
75119,2024,Usage de stupéfiants,Mis en cause,1846.0,10.349216,diff,178371,2022,100649,2021,,
75119,2024,Usage de stupéfiants (AFD),Mis en cause,831.0,4.6588291,diff,178371,2022,100649,2021,,
75119,2024,Trafic de stupéfiants,Mis en cause,587.0,3.2908937,diff,178371,2022,100649,2021,,
75119,2024,Escroqueries et fraudes aux moyens de paiement,Victime,1774.0,9.9455629,diff,178371,2022,100649,2021,,
75120,2024,Violences physiques intrafamiliales,Victime,626.0,3.3352158,diff,187694,2022,108352,2021,,
75120,2024,Violences physiques hors cadre familial,Victime,625.0,3.329888,diff,187694,2022,108352,2021,,
75120,2024,Violences sexuelles,Victime,424.0,2.258996,diff,187694,2022,108352,2021,,
75120,2024,Vols avec armes,Infraction,16.0,0.0852451,diff,187694,2022,108352,2021,,
75120,2024,Vols violents sans arme,Infraction,319.0,1.6995748,diff,187694,2022,108352,2021,,
75120,2024,Vols sans violence contre des personnes,Victime entendue,3715.0,19.7928543,diff,187694,2022,108352,2021,,
75120,2024,Cambriolages de logement,Infraction,558.0,5.149896,diff,187694,2022,108352,2021,,
75120,2024,Vols de véhicule,Véhicule,269.0,1.4331838,diff,187694,2022,108352,2021,,
75120,2024,Vols dans les véhicules,Véhicule,589.0,3.1380865,diff,187694,2022,108352,2021,,
75120,2024,Vols d'accessoires sur véhicules,Véhicule,168.0,0.8950739,diff,187694,2022,108352,2021,,
75120,2024,Destructions et dégradations volontaires,Infraction,1126.0,5.9991262,diff,187694,2022,108352,2021,,
75120,2024,Usage de stupéfiants,Mis en cause,623.0,3.3192324,diff,187694,2022,108352,2021,,
75120,2024,Usage de stupéfiants (AFD),Mis en cause,351.0,1.8700651,diff,187694,2022,108352,2021,,
75120,2024,Trafic de stupéfiants,Mis en cause,204.0,1.0868754,diff,187694,2022,108352,2021,,
75120,2024,Escroqueries et fraudes aux moyens de paiement,Victime,2073.0,11.0445725,diff,187694,2022,108352,2021,,
